{"v":"5.4.3","fr":30,"ip":0,"op":210,"w":128,"h":128,"nm":"preview","ddd":0,"assets":[{"id":"comp_0","layers":[{"ddd":0,"ind":1,"ty":4,"nm":"anchor","sr":1,"ks":{"o":{"a":0,"k":100,"ix":11},"r":{"a":0,"k":12,"ix":10},"p":{"a":1,"k":[{"i":{"x":0.667,"y":1},"o":{"x":0.333,"y":0},"n":"0p667_1_0p333_0","t":10,"s":[128,44,0],"e":[112,44,0],"to":null,"ti":null},{"i":{"x":0.667,"y":1},"o":{"x":0.333,"y":0},"n":"0p667_1_0p333_0","t":14,"s":[112,44,0],"e":[136,44,0],"to":null,"ti":null},{"i":{"x":0.667,"y":1},"o":{"x":0.333,"y":0},"n":"0p667_1_0p333_0","t":20,"s":[136,44,0],"e":[128,44,0],"to":[2.66666674613953,0,0],"ti":[1.33333337306976,0,0]},{"t":31}],"ix":2},"a":{"a":0,"k":[128,44,0],"ix":1},"s":{"a":0,"k":[100,100,100],"ix":6}},"ao":0,"ef":[{"ty":25,"nm":"Drop Shadow","np":8,"mn":"ADBE Drop Shadow","ix":1,"en":1,"ef":[{"ty":2,"nm":"Shadow Color","mn":"ADBE Drop Shadow-0001","ix":1,"v":{"a":0,"k":[0,0,0,1],"ix":1}},{"ty":0,"nm":"Opacity","mn":"ADBE Drop Shadow-0002","ix":2,"v":{"a":0,"k":51,"ix":2}},{"ty":0,"nm":"Direction","mn":"ADBE Drop Shadow-0003","ix":3,"v":{"a":0,"k":180,"ix":3}},{"ty":0,"nm":"Distance","mn":"ADBE Drop Shadow-0004","ix":4,"v":{"a":0,"k":4,"ix":4}},{"ty":0,"nm":"Softness","mn":"ADBE Drop Shadow-0005","ix":5,"v":{"a":0,"k":32,"ix":5}},{"ty":7,"nm":"Shadow Only","mn":"ADBE Drop Shadow-0006","ix":6,"v":{"a":0,"k":0,"ix":6}}]}],"shapes":[{"ty":"gr","it":[{"ind":0,"ty":"sh","ix":1,"ks":{"a":0,"k":{"i":[[-16,8.836],[-8.836,-16],[16,-8.836],[8.837,16]],"o":[[-16,-8.836],[8.837,-16],[16,8.836],[-8.836,16]],"v":[[-16,0],[0,-16],[16,0],[0,16]],"c":true},"ix":2},"nm":"Path 1","mn":"ADBE Vector Shape - Group","hd":false,"_render":true},{"ty":"fl","c":{"a":0,"k":[1,1,1,1],"ix":4},"o":{"a":0,"k":100,"ix":5},"r":1,"bm":0,"nm":"Fill 1","mn":"ADBE Vector Graphic - Fill","hd":false,"_render":true},{"ty":"tr","p":{"a":0,"k":[128,44],"ix":2},"a":{"a":0,"k":[0,0],"ix":1},"s":{"a":0,"k":[100,100],"ix":3},"r":{"a":0,"k":0,"ix":6},"o":{"a":0,"k":100,"ix":7},"sk":{"a":0,"k":0,"ix":4},"sa":{"a":0,"k":0,"ix":5},"nm":"Transform","_render":true}],"nm":"Group 12","np":2,"cix":2,"bm":0,"ix":1,"mn":"ADBE Vector Group","hd":false,"_render":true}],"ip":0,"op":210,"st":0,"bm":0,"completed":true},{"ddd":0,"ind":2,"ty":4,"nm":"close Outlines","sr":1,"ks":{"o":{"a":0,"k":100,"ix":11},"r":{"a":1,"k":[{"i":{"x":[0.667],"y":[1]},"o":{"x":[0.333],"y":[0]},"n":["0p667_1_0p333_0"],"t":12,"s":[0],"e":[-16]},{"i":{"x":[0.667],"y":[1]},"o":{"x":[0.333],"y":[0]},"n":["0p667_1_0p333_0"],"t":17,"s":[-16],"e":[14]},{"i":{"x":[0.667],"y":[1]},"o":{"x":[0.333],"y":[0]},"n":["0p667_1_0p333_0"],"t":22,"s":[14],"e":[-12]},{"i":{"x":[0.667],"y":[1]},"o":{"x":[0.333],"y":[0]},"n":["0p667_1_0p333_0"],"t":31,"s":[-12],"e":[10]},{"i":{"x":[0.667],"y":[1]},"o":{"x":[0.333],"y":[0]},"n":["0p667_1_0p333_0"],"t":40,"s":[10],"e":[-8]},{"i":{"x":[0.667],"y":[1]},"o":{"x":[0.333],"y":[0]},"n":["0p667_1_0p333_0"],"t":51,"s":[-8],"e":[6]},{"i":{"x":[0.667],"y":[1]},"o":{"x":[0.333],"y":[0]},"n":["0p667_1_0p333_0"],"t":62,"s":[6],"e":[-4]},{"i":{"x":[0.667],"y":[1]},"o":{"x":[0.333],"y":[0]},"n":["0p667_1_0p333_0"],"t":75,"s":[-4],"e":[4]},{"i":{"x":[0.667],"y":[1]},"o":{"x":[0.333],"y":[0]},"n":["0p667_1_0p333_0"],"t":88,"s":[4],"e":[-2]},{"i":{"x":[0.667],"y":[1]},"o":{"x":[0.333],"y":[0]},"n":["0p667_1_0p333_0"],"t":103,"s":[-2],"e":[2]},{"i":{"x":[0.667],"y":[1]},"o":{"x":[0.333],"y":[0]},"n":["0p667_1_0p333_0"],"t":118,"s":[2],"e":[-1]},{"i":{"x":[0.667],"y":[1]},"o":{"x":[0.333],"y":[0]},"n":["0p667_1_0p333_0"],"t":135,"s":[-1],"e":[1]},{"i":{"x":[0.667],"y":[1]},"o":{"x":[0.333],"y":[0]},"n":["0p667_1_0p333_0"],"t":153,"s":[1],"e":[0]},{"t":174}],"ix":10},"p":{"a":1,"k":[{"i":{"x":0.667,"y":1},"o":{"x":0.333,"y":0},"n":"0p667_1_0p333_0","t":10,"s":[128,44,0],"e":[112,44,0],"to":null,"ti":null},{"i":{"x":0.667,"y":1},"o":{"x":0.333,"y":0},"n":"0p667_1_0p333_0","t":14,"s":[112,44,0],"e":[136,44,0],"to":null,"ti":null},{"i":{"x":0.667,"y":1},"o":{"x":0.333,"y":0},"n":"0p667_1_0p333_0","t":20,"s":[136,44,0],"e":[128,44,0],"to":[2.66666674613953,0,0],"ti":[1.33333337306976,0,0]},{"t":31}],"ix":2},"a":{"a":0,"k":[128,44,0],"ix":1},"s":{"a":0,"k":[100,100,100],"ix":6}},"ao":0,"shapes":[{"ty":"gr","it":[{"ind":0,"ty":"sh","ix":1,"ks":{"a":0,"k":{"i":[[82.627,-40],[-76,-40],[-88,-34.627],[-88,28],[-82.627,40],[76,40],[88,34.627],[88,-28]],"o":[[76,-40],[-82.627,-40],[-88,-28],[-88,34.627],[-76,40],[82.627,40],[88,28],[88,-34.627]],"v":[[76,-40],[-76,-40],[-88,-28],[-88,28],[-76,40],[76,40],[88,28],[88,-28]],"c":true},"ix":2},"nm":"Path 1","mn":"ADBE Vector Shape - Group","hd":false,"_render":true},{"ind":1,"ty":"sh","ix":2,"ks":{"a":0,"k":{"i":[[76,-36],[84,-32.411],[84,28],[80.411,36],[-76,36],[-84,32.411],[-84,-28],[-80.411,-36]],"o":[[80.411,-36],[84,-28],[84,32.411],[76,36],[-80.411,36],[-84,28],[-84,-32.411],[-76,-36]],"v":[[76,-36],[84,-28],[84,28],[76,36],[-76,36],[-84,28],[-84,-28],[-76,-36]],"c":true},"ix":2},"nm":"Path 2","mn":"ADBE Vector Shape - Group","hd":false,"_render":true},{"ty":"mm","mm":1,"nm":"Merge Paths 1","mn":"ADBE Vector Filter - Merge","hd":false,"_render":true},{"ty":"fl","c":{"a":0,"k":[1,1,1,1],"ix":4},"o":{"a":0,"k":100,"ix":5},"r":1,"bm":0,"nm":"Fill 1","mn":"ADBE Vector Graphic - Fill","hd":false,"_render":true},{"ty":"tr","p":{"a":0,"k":[128,160],"ix":2},"a":{"a":0,"k":[0,0],"ix":1},"s":{"a":0,"k":[100,100],"ix":3},"r":{"a":0,"k":0,"ix":6},"o":{"a":0,"k":100,"ix":7},"sk":{"a":0,"k":0,"ix":4},"sa":{"a":0,"k":0,"ix":5},"nm":"Transform","_render":true}],"nm":"Group 1","np":4,"cix":2,"bm":0,"ix":1,"mn":"ADBE Vector Group","hd":false,"_render":true},{"ty":"gr","it":[{"ind":0,"ty":"sh","ix":1,"ks":{"a":0,"k":{"i":[[9.713,14.269],[-9.713,14.269],[-9.713,-14.268],[9.713,-14.268],[9.713,-9.166],[-3.576,-9.166],[-3.576,-2.502],[8.961,-2.502],[8.961,2.225],[-3.576,2.225],[-3.576,9.166],[9.713,9.166]],"o":[[9.713,14.269],[-9.713,14.269],[-9.713,-14.268],[9.713,-14.268],[9.713,-9.166],[-3.576,-9.166],[-3.576,-2.502],[8.961,-2.502],[8.961,2.225],[-3.576,2.225],[-3.576,9.166],[9.713,9.166]],"v":[[9.713,14.269],[-9.713,14.269],[-9.713,-14.268],[9.713,-14.268],[9.713,-9.166],[-3.576,-9.166],[-3.576,-2.502],[8.961,-2.502],[8.961,2.225],[-3.576,2.225],[-3.576,9.166],[9.713,9.166]],"c":true},"ix":2},"nm":"Path 1","mn":"ADBE Vector Shape - Group","hd":false,"_render":true},{"ty":"fl","c":{"a":0,"k":[1,1,1,1],"ix":4},"o":{"a":0,"k":100,"ix":5},"r":1,"bm":0,"nm":"Fill 1","mn":"ADBE Vector Graphic - Fill","hd":false,"_render":true},{"ty":"tr","p":{"a":0,"k":[182.287,160],"ix":2},"a":{"a":0,"k":[0,0],"ix":1},"s":{"a":0,"k":[100,100],"ix":3},"r":{"a":0,"k":0,"ix":6},"o":{"a":0,"k":100,"ix":7},"sk":{"a":0,"k":0,"ix":4},"sa":{"a":0,"k":0,"ix":5},"nm":"Transform","_render":true}],"nm":"Group 2","np":2,"cix":2,"bm":0,"ix":2,"mn":"ADBE Vector Group","hd":false,"_render":true},{"ty":"gr","it":[{"ind":0,"ty":"sh","ix":1,"ks":{"a":0,"k":{"i":[[-5.882,6.338],[-3.1990000000000003,10.135],[5.699,8.632],[4.236,3.609],[-3.18,2.067],[-11.145,-1.7300000000000004],[-6.694,-15],[11.105,-11.479],[5.516,-6.397],[3.0780000000000003,-10.155],[-4.988,-8.77],[-3.5860000000000003,-3.8259999999999996],[3.383,-2.383],[11.816,1.295],[7.285,15],[-11.593,11.658000000000001]],"o":[[-5.5969999999999995,8.652000000000001],[3.445,10.135],[5.699,4.657],[0.639,2.858],[-8.525,0.9790000000000001],[-11.145,-11.46],[6.533,-15],[11.288,-6.397],[5.232,-8.652000000000001],[-2.957,-10.155],[-4.988,-4.835],[-0.152,-3.114],[9.275,-1.177],[11.816,11.48],[-7.061,15],[-11.816,6.338]],"v":[[-5.882,6.338],[0.255,10.135],[5.699,6.477],[0.639,2.858],[-3.18,2.067],[-11.145,-6.081],[0.072,-15],[11.288,-6.397],[5.516,-6.397],[0.111,-10.155],[-4.988,-6.596],[-0.152,-3.114],[3.383,-2.383],[11.816,5.726],[-0.07,15],[-11.816,6.338]],"c":true},"ix":2},"nm":"Path 1","mn":"ADBE Vector Shape - Group","hd":false,"_render":true},{"ty":"fl","c":{"a":0,"k":[1,1,1,1],"ix":4},"o":{"a":0,"k":100,"ix":5},"r":1,"bm":0,"nm":"Fill 1","mn":"ADBE Vector Graphic - Fill","hd":false,"_render":true},{"ty":"tr","p":{"a":0,"k":[157.048,160],"ix":2},"a":{"a":0,"k":[0,0],"ix":1},"s":{"a":0,"k":[100,100],"ix":3},"r":{"a":0,"k":0,"ix":6},"o":{"a":0,"k":100,"ix":7},"sk":{"a":0,"k":0,"ix":4},"sa":{"a":0,"k":0,"ix":5},"nm":"Transform","_render":true}],"nm":"Group 3","np":2,"cix":2,"bm":0,"ix":3,"mn":"ADBE Vector Group","hd":false,"_render":true},{"ty":"gr","it":[{"ind":0,"ty":"sh","ix":1,"ks":{"a":0,"k":{"i":[[-7.824,-5.983],[-4.795000000000001,9.76],[7.842,5.942],[4.795,-9.76]],"o":[[-7.824,5.942],[4.795,9.76],[7.842,-5.983],[-4.734,-9.76]],"v":[[-7.824,-0.01],[0.02,9.76],[7.842,-0.01],[0.02,-9.76]],"c":true},"ix":2},"nm":"Path 1","mn":"ADBE Vector Shape - Group","hd":false,"_render":true},{"ind":1,"ty":"sh","ix":2,"ks":{"a":0,"k":{"i":[[14.102,-9.245],[8.697,15],[-14.102,9.245000000000001],[-8.595,-15]],"o":[[14.102,9.245000000000001],[-8.676,15],[-14.102,-9.265],[8.677,-15]],"v":[[14.102,-0.01],[0.02,15],[-14.102,-0.01],[0.02,-15]],"c":true},"ix":2},"nm":"Path 2","mn":"ADBE Vector Shape - Group","hd":false,"_render":true},{"ty":"mm","mm":1,"nm":"Merge Paths 1","mn":"ADBE Vector Filter - Merge","hd":false,"_render":true},{"ty":"fl","c":{"a":0,"k":[1,1,1,1],"ix":4},"o":{"a":0,"k":100,"ix":5},"r":1,"bm":0,"nm":"Fill 1","mn":"ADBE Vector Graphic - Fill","hd":false,"_render":true},{"ty":"tr","p":{"a":0,"k":[128.722,160],"ix":2},"a":{"a":0,"k":[0,0],"ix":1},"s":{"a":0,"k":[100,100],"ix":3},"r":{"a":0,"k":0,"ix":6},"o":{"a":0,"k":100,"ix":7},"sk":{"a":0,"k":0,"ix":4},"sa":{"a":0,"k":0,"ix":5},"nm":"Transform","_render":true}],"nm":"Group 4","np":4,"cix":2,"bm":0,"ix":4,"mn":"ADBE Vector Group","hd":false,"_render":true},{"ty":"gr","it":[{"ind":0,"ty":"sh","ix":1,"ks":{"a":0,"k":{"i":[[9.591,14.269],[-9.591,14.269],[-9.591,-14.268],[-3.454,-14.268],[-3.454,9.068],[9.591,9.068]],"o":[[9.591,14.269],[-9.591,14.269],[-9.591,-14.268],[-3.454,-14.268],[-3.454,9.068],[9.591,9.068]],"v":[[9.591,14.269],[-9.591,14.269],[-9.591,-14.268],[-3.454,-14.268],[-3.454,9.068],[9.591,9.068]],"c":true},"ix":2},"nm":"Path 1","mn":"ADBE Vector Shape - Group","hd":false,"_render":true},{"ty":"fl","c":{"a":0,"k":[1,1,1,1],"ix":4},"o":{"a":0,"k":100,"ix":5},"r":1,"bm":0,"nm":"Fill 1","mn":"ADBE Vector Graphic - Fill","hd":false,"_render":true},{"ty":"tr","p":{"a":0,"k":[103.655,160],"ix":2},"a":{"a":0,"k":[0,0],"ix":1},"s":{"a":0,"k":[100,100],"ix":3},"r":{"a":0,"k":0,"ix":6},"o":{"a":0,"k":100,"ix":7},"sk":{"a":0,"k":0,"ix":4},"sa":{"a":0,"k":0,"ix":5},"nm":"Transform","_render":true}],"nm":"Group 5","np":2,"cix":2,"bm":0,"ix":5,"mn":"ADBE Vector Group","hd":false,"_render":true},{"ty":"gr","it":[{"ind":0,"ty":"sh","ix":1,"ks":{"a":0,"k":{"i":[[-13.249,9.285],[-8.006,-15],[12.781,-10.511],[7.254,-4.301],[4.003,-9.739],[-6.969,-6.021999999999999],[-4.1049999999999995,9.739],[6.685,7.722],[13.249,4.578],[7.58,15]],"o":[[-13.249,-9.285],[7.458,-15],[13.228,-4.301],[6.664999999999999,-7.584],[-4.104,-9.739],[-6.969,6.002],[4.043,9.739],[7.273,4.578],[12.741,10.748000000000001],[-7.985,15]],"v":[[-13.249,-0.01],[0.508,-15],[13.228,-4.301],[7.254,-4.301],[0.508,-9.739],[-6.969,-0.01],[0.527,9.739],[7.273,4.578],[13.249,4.578],[0.508,15]],"c":true},"ix":2},"nm":"Path 1","mn":"ADBE Vector Shape - Group","hd":false,"_render":true},{"ty":"fl","c":{"a":0,"k":[1,1,1,1],"ix":4},"o":{"a":0,"k":100,"ix":5},"r":1,"bm":0,"nm":"Fill 1","mn":"ADBE Vector Graphic - Fill","hd":false,"_render":true},{"ty":"tr","p":{"a":0,"k":[77.248,160],"ix":2},"a":{"a":0,"k":[0,0],"ix":1},"s":{"a":0,"k":[100,100],"ix":3},"r":{"a":0,"k":0,"ix":6},"o":{"a":0,"k":100,"ix":7},"sk":{"a":0,"k":0,"ix":4},"sa":{"a":0,"k":0,"ix":5},"nm":"Transform","_render":true}],"nm":"Group 6","np":2,"cix":2,"bm":0,"ix":6,"mn":"ADBE Vector Group","hd":false,"_render":true},{"ty":"gr","it":[{"ind":0,"ty":"sh","ix":1,"ks":{"a":0,"k":{"i":[[87.04599999999999,-48],[-76,-48],[-96,-39.046],[-96,28],[-87.04599999999999,48],[76,48],[96,39.046],[96,-28]],"o":[[76,-48],[-87.04599999999999,-48],[-96,-28],[-96,39.046],[-76,48],[87.04599999999999,48],[96,28],[96,-39.046]],"v":[[76,-48],[-76,-48],[-96,-28],[-96,28],[-76,48],[76,48],[96,28],[96,-28]],"c":true},"ix":2},"nm":"Path 1","mn":"ADBE Vector Shape - Group","hd":false,"_render":true},{"ty":"fl","c":{"a":0,"k":[0.3882,0.4471,0.4941,1],"ix":4},"o":{"a":0,"k":100,"ix":5},"r":1,"bm":0,"nm":"Fill 1","mn":"ADBE Vector Graphic - Fill","hd":false,"_render":true},{"ty":"tr","p":{"a":0,"k":[128,160],"ix":2},"a":{"a":0,"k":[0,0],"ix":1},"s":{"a":0,"k":[100,100],"ix":3},"r":{"a":0,"k":0,"ix":6},"o":{"a":0,"k":100,"ix":7},"sk":{"a":0,"k":0,"ix":4},"sa":{"a":0,"k":0,"ix":5},"nm":"Transform","_render":true}],"nm":"Group 7","np":2,"cix":2,"bm":0,"ix":7,"mn":"ADBE Vector Group","hd":false,"_render":true},{"ty":"gr","it":[{"ind":0,"ty":"sh","ix":1,"ks":{"a":0,"k":{"i":[[-2.079,-40.369],[-64,40.369],[64,40.369],[4.641,-37.418]],"o":[[-4.642,-37.418],[-64,40.369],[64,40.369],[2.078,-40.369]],"v":[[-4.642,-37.418],[-64,40.369],[64,40.369],[4.641,-37.418]],"c":true},"ix":2},"nm":"Path 1","mn":"ADBE Vector Shape - Group","hd":false,"_render":true},{"ty":"st","c":{"a":0,"k":[0.6314,0.6784,0.7176,1],"ix":3},"o":{"a":0,"k":100,"ix":4},"w":{"a":0,"k":4,"ix":5},"lc":1,"lj":1,"ml":10,"ml2":{"a":0,"k":10,"ix":8},"bm":0,"nm":"Stroke 1","mn":"ADBE Vector Graphic - Stroke","hd":false,"_render":true},{"ty":"tr","p":{"a":0,"k":[128,75.631],"ix":2},"a":{"a":0,"k":[0,0],"ix":1},"s":{"a":0,"k":[100,100],"ix":3},"r":{"a":0,"k":0,"ix":6},"o":{"a":0,"k":100,"ix":7},"sk":{"a":0,"k":0,"ix":4},"sa":{"a":0,"k":0,"ix":5},"nm":"Transform","_render":true}],"nm":"Group 9","np":2,"cix":2,"bm":0,"ix":8,"mn":"ADBE Vector Group","hd":false,"_render":true}],"ip":0,"op":210,"st":0,"bm":0,"completed":true}]}],"layers":[{"ddd":0,"ind":1,"ty":0,"nm":"Comp 1","refId":"comp_0","sr":1,"ks":{"o":{"a":0,"k":100,"ix":11},"r":{"a":0,"k":0,"ix":10},"p":{"a":0,"k":[64,64,0],"ix":2},"a":{"a":0,"k":[128,128,0],"ix":1},"s":{"a":0,"k":[40,40,100],"ix":6}},"ao":0,"w":256,"h":256,"ip":0,"op":210,"st":0,"bm":0,"completed":true,"layers":[{"ddd":0,"ind":1,"ty":4,"nm":"anchor","sr":1,"ks":{"o":{"a":0,"k":100,"ix":11},"r":{"a":0,"k":12,"ix":10},"p":{"a":1,"k":[{"i":{"x":0.667,"y":1},"o":{"x":0.333,"y":0},"n":"0p667_1_0p333_0","t":10,"s":[128,44,0],"e":[112,44,0],"to":null,"ti":null},{"i":{"x":0.667,"y":1},"o":{"x":0.333,"y":0},"n":"0p667_1_0p333_0","t":14,"s":[112,44,0],"e":[136,44,0],"to":null,"ti":null},{"i":{"x":0.667,"y":1},"o":{"x":0.333,"y":0},"n":"0p667_1_0p333_0","t":20,"s":[136,44,0],"e":[128,44,0],"to":[2.66666674613953,0,0],"ti":[1.33333337306976,0,0]},{"t":31}],"ix":2},"a":{"a":0,"k":[128,44,0],"ix":1},"s":{"a":0,"k":[100,100,100],"ix":6}},"ao":0,"ef":[{"ty":25,"nm":"Drop Shadow","np":8,"mn":"ADBE Drop Shadow","ix":1,"en":1,"ef":[{"ty":2,"nm":"Shadow Color","mn":"ADBE Drop Shadow-0001","ix":1,"v":{"a":0,"k":[0,0,0,1],"ix":1}},{"ty":0,"nm":"Opacity","mn":"ADBE Drop Shadow-0002","ix":2,"v":{"a":0,"k":51,"ix":2}},{"ty":0,"nm":"Direction","mn":"ADBE Drop Shadow-0003","ix":3,"v":{"a":0,"k":180,"ix":3}},{"ty":0,"nm":"Distance","mn":"ADBE Drop Shadow-0004","ix":4,"v":{"a":0,"k":4,"ix":4}},{"ty":0,"nm":"Softness","mn":"ADBE Drop Shadow-0005","ix":5,"v":{"a":0,"k":32,"ix":5}},{"ty":7,"nm":"Shadow Only","mn":"ADBE Drop Shadow-0006","ix":6,"v":{"a":0,"k":0,"ix":6}}]}],"shapes":[{"ty":"gr","it":[{"ind":0,"ty":"sh","ix":1,"ks":{"a":0,"k":{"i":[[-16,8.836],[-8.836,-16],[16,-8.836],[8.837,16]],"o":[[-16,-8.836],[8.837,-16],[16,8.836],[-8.836,16]],"v":[[-16,0],[0,-16],[16,0],[0,16]],"c":true},"ix":2},"nm":"Path 1","mn":"ADBE Vector Shape - Group","hd":false,"_render":true},{"ty":"fl","c":{"a":0,"k":[1,1,1,1],"ix":4},"o":{"a":0,"k":100,"ix":5},"r":1,"bm":0,"nm":"Fill 1","mn":"ADBE Vector Graphic - Fill","hd":false,"_render":true},{"ty":"tr","p":{"a":0,"k":[128,44],"ix":2},"a":{"a":0,"k":[0,0],"ix":1},"s":{"a":0,"k":[100,100],"ix":3},"r":{"a":0,"k":0,"ix":6},"o":{"a":0,"k":100,"ix":7},"sk":{"a":0,"k":0,"ix":4},"sa":{"a":0,"k":0,"ix":5},"nm":"Transform","_render":true}],"nm":"Group 12","np":2,"cix":2,"bm":0,"ix":1,"mn":"ADBE Vector Group","hd":false,"_render":true}],"ip":0,"op":210,"st":0,"bm":0,"completed":true},{"ddd":0,"ind":2,"ty":4,"nm":"close Outlines","sr":1,"ks":{"o":{"a":0,"k":100,"ix":11},"r":{"a":1,"k":[{"i":{"x":[0.667],"y":[1]},"o":{"x":[0.333],"y":[0]},"n":["0p667_1_0p333_0"],"t":12,"s":[0],"e":[-16]},{"i":{"x":[0.667],"y":[1]},"o":{"x":[0.333],"y":[0]},"n":["0p667_1_0p333_0"],"t":17,"s":[-16],"e":[14]},{"i":{"x":[0.667],"y":[1]},"o":{"x":[0.333],"y":[0]},"n":["0p667_1_0p333_0"],"t":22,"s":[14],"e":[-12]},{"i":{"x":[0.667],"y":[1]},"o":{"x":[0.333],"y":[0]},"n":["0p667_1_0p333_0"],"t":31,"s":[-12],"e":[10]},{"i":{"x":[0.667],"y":[1]},"o":{"x":[0.333],"y":[0]},"n":["0p667_1_0p333_0"],"t":40,"s":[10],"e":[-8]},{"i":{"x":[0.667],"y":[1]},"o":{"x":[0.333],"y":[0]},"n":["0p667_1_0p333_0"],"t":51,"s":[-8],"e":[6]},{"i":{"x":[0.667],"y":[1]},"o":{"x":[0.333],"y":[0]},"n":["0p667_1_0p333_0"],"t":62,"s":[6],"e":[-4]},{"i":{"x":[0.667],"y":[1]},"o":{"x":[0.333],"y":[0]},"n":["0p667_1_0p333_0"],"t":75,"s":[-4],"e":[4]},{"i":{"x":[0.667],"y":[1]},"o":{"x":[0.333],"y":[0]},"n":["0p667_1_0p333_0"],"t":88,"s":[4],"e":[-2]},{"i":{"x":[0.667],"y":[1]},"o":{"x":[0.333],"y":[0]},"n":["0p667_1_0p333_0"],"t":103,"s":[-2],"e":[2]},{"i":{"x":[0.667],"y":[1]},"o":{"x":[0.333],"y":[0]},"n":["0p667_1_0p333_0"],"t":118,"s":[2],"e":[-1]},{"i":{"x":[0.667],"y":[1]},"o":{"x":[0.333],"y":[0]},"n":["0p667_1_0p333_0"],"t":135,"s":[-1],"e":[1]},{"i":{"x":[0.667],"y":[1]},"o":{"x":[0.333],"y":[0]},"n":["0p667_1_0p333_0"],"t":153,"s":[1],"e":[0]},{"t":174}],"ix":10},"p":{"a":1,"k":[{"i":{"x":0.667,"y":1},"o":{"x":0.333,"y":0},"n":"0p667_1_0p333_0","t":10,"s":[128,44,0],"e":[112,44,0],"to":null,"ti":null},{"i":{"x":0.667,"y":1},"o":{"x":0.333,"y":0},"n":"0p667_1_0p333_0","t":14,"s":[112,44,0],"e":[136,44,0],"to":null,"ti":null},{"i":{"x":0.667,"y":1},"o":{"x":0.333,"y":0},"n":"0p667_1_0p333_0","t":20,"s":[136,44,0],"e":[128,44,0],"to":[2.66666674613953,0,0],"ti":[1.33333337306976,0,0]},{"t":31}],"ix":2},"a":{"a":0,"k":[128,44,0],"ix":1},"s":{"a":0,"k":[100,100,100],"ix":6}},"ao":0,"shapes":[{"ty":"gr","it":[{"ind":0,"ty":"sh","ix":1,"ks":{"a":0,"k":{"i":[[82.627,-40],[-76,-40],[-88,-34.627],[-88,28],[-82.627,40],[76,40],[88,34.627],[88,-28]],"o":[[76,-40],[-82.627,-40],[-88,-28],[-88,34.627],[-76,40],[82.627,40],[88,28],[88,-34.627]],"v":[[76,-40],[-76,-40],[-88,-28],[-88,28],[-76,40],[76,40],[88,28],[88,-28]],"c":true},"ix":2},"nm":"Path 1","mn":"ADBE Vector Shape - Group","hd":false,"_render":true},{"ind":1,"ty":"sh","ix":2,"ks":{"a":0,"k":{"i":[[76,-36],[84,-32.411],[84,28],[80.411,36],[-76,36],[-84,32.411],[-84,-28],[-80.411,-36]],"o":[[80.411,-36],[84,-28],[84,32.411],[76,36],[-80.411,36],[-84,28],[-84,-32.411],[-76,-36]],"v":[[76,-36],[84,-28],[84,28],[76,36],[-76,36],[-84,28],[-84,-28],[-76,-36]],"c":true},"ix":2},"nm":"Path 2","mn":"ADBE Vector Shape - Group","hd":false,"_render":true},{"ty":"mm","mm":1,"nm":"Merge Paths 1","mn":"ADBE Vector Filter - Merge","hd":false,"_render":true},{"ty":"fl","c":{"a":0,"k":[1,1,1,1],"ix":4},"o":{"a":0,"k":100,"ix":5},"r":1,"bm":0,"nm":"Fill 1","mn":"ADBE Vector Graphic - Fill","hd":false,"_render":true},{"ty":"tr","p":{"a":0,"k":[128,160],"ix":2},"a":{"a":0,"k":[0,0],"ix":1},"s":{"a":0,"k":[100,100],"ix":3},"r":{"a":0,"k":0,"ix":6},"o":{"a":0,"k":100,"ix":7},"sk":{"a":0,"k":0,"ix":4},"sa":{"a":0,"k":0,"ix":5},"nm":"Transform","_render":true}],"nm":"Group 1","np":4,"cix":2,"bm":0,"ix":1,"mn":"ADBE Vector Group","hd":false,"_render":true},{"ty":"gr","it":[{"ind":0,"ty":"sh","ix":1,"ks":{"a":0,"k":{"i":[[9.713,14.269],[-9.713,14.269],[-9.713,-14.268],[9.713,-14.268],[9.713,-9.166],[-3.576,-9.166],[-3.576,-2.502],[8.961,-2.502],[8.961,2.225],[-3.576,2.225],[-3.576,9.166],[9.713,9.166]],"o":[[9.713,14.269],[-9.713,14.269],[-9.713,-14.268],[9.713,-14.268],[9.713,-9.166],[-3.576,-9.166],[-3.576,-2.502],[8.961,-2.502],[8.961,2.225],[-3.576,2.225],[-3.576,9.166],[9.713,9.166]],"v":[[9.713,14.269],[-9.713,14.269],[-9.713,-14.268],[9.713,-14.268],[9.713,-9.166],[-3.576,-9.166],[-3.576,-2.502],[8.961,-2.502],[8.961,2.225],[-3.576,2.225],[-3.576,9.166],[9.713,9.166]],"c":true},"ix":2},"nm":"Path 1","mn":"ADBE Vector Shape - Group","hd":false,"_render":true},{"ty":"fl","c":{"a":0,"k":[1,1,1,1],"ix":4},"o":{"a":0,"k":100,"ix":5},"r":1,"bm":0,"nm":"Fill 1","mn":"ADBE Vector Graphic - Fill","hd":false,"_render":true},{"ty":"tr","p":{"a":0,"k":[182.287,160],"ix":2},"a":{"a":0,"k":[0,0],"ix":1},"s":{"a":0,"k":[100,100],"ix":3},"r":{"a":0,"k":0,"ix":6},"o":{"a":0,"k":100,"ix":7},"sk":{"a":0,"k":0,"ix":4},"sa":{"a":0,"k":0,"ix":5},"nm":"Transform","_render":true}],"nm":"Group 2","np":2,"cix":2,"bm":0,"ix":2,"mn":"ADBE Vector Group","hd":false,"_render":true},{"ty":"gr","it":[{"ind":0,"ty":"sh","ix":1,"ks":{"a":0,"k":{"i":[[-5.882,6.338],[-3.1990000000000003,10.135],[5.699,8.632],[4.236,3.609],[-3.18,2.067],[-11.145,-1.7300000000000004],[-6.694,-15],[11.105,-11.479],[5.516,-6.397],[3.0780000000000003,-10.155],[-4.988,-8.77],[-3.5860000000000003,-3.8259999999999996],[3.383,-2.383],[11.816,1.295],[7.285,15],[-11.593,11.658000000000001]],"o":[[-5.5969999999999995,8.652000000000001],[3.445,10.135],[5.699,4.657],[0.639,2.858],[-8.525,0.9790000000000001],[-11.145,-11.46],[6.533,-15],[11.288,-6.397],[5.232,-8.652000000000001],[-2.957,-10.155],[-4.988,-4.835],[-0.152,-3.114],[9.275,-1.177],[11.816,11.48],[-7.061,15],[-11.816,6.338]],"v":[[-5.882,6.338],[0.255,10.135],[5.699,6.477],[0.639,2.858],[-3.18,2.067],[-11.145,-6.081],[0.072,-15],[11.288,-6.397],[5.516,-6.397],[0.111,-10.155],[-4.988,-6.596],[-0.152,-3.114],[3.383,-2.383],[11.816,5.726],[-0.07,15],[-11.816,6.338]],"c":true},"ix":2},"nm":"Path 1","mn":"ADBE Vector Shape - Group","hd":false,"_render":true},{"ty":"fl","c":{"a":0,"k":[1,1,1,1],"ix":4},"o":{"a":0,"k":100,"ix":5},"r":1,"bm":0,"nm":"Fill 1","mn":"ADBE Vector Graphic - Fill","hd":false,"_render":true},{"ty":"tr","p":{"a":0,"k":[157.048,160],"ix":2},"a":{"a":0,"k":[0,0],"ix":1},"s":{"a":0,"k":[100,100],"ix":3},"r":{"a":0,"k":0,"ix":6},"o":{"a":0,"k":100,"ix":7},"sk":{"a":0,"k":0,"ix":4},"sa":{"a":0,"k":0,"ix":5},"nm":"Transform","_render":true}],"nm":"Group 3","np":2,"cix":2,"bm":0,"ix":3,"mn":"ADBE Vector Group","hd":false,"_render":true},{"ty":"gr","it":[{"ind":0,"ty":"sh","ix":1,"ks":{"a":0,"k":{"i":[[-7.824,-5.983],[-4.795000000000001,9.76],[7.842,5.942],[4.795,-9.76]],"o":[[-7.824,5.942],[4.795,9.76],[7.842,-5.983],[-4.734,-9.76]],"v":[[-7.824,-0.01],[0.02,9.76],[7.842,-0.01],[0.02,-9.76]],"c":true},"ix":2},"nm":"Path 1","mn":"ADBE Vector Shape - Group","hd":false,"_render":true},{"ind":1,"ty":"sh","ix":2,"ks":{"a":0,"k":{"i":[[14.102,-9.245],[8.697,15],[-14.102,9.245000000000001],[-8.595,-15]],"o":[[14.102,9.245000000000001],[-8.676,15],[-14.102,-9.265],[8.677,-15]],"v":[[14.102,-0.01],[0.02,15],[-14.102,-0.01],[0.02,-15]],"c":true},"ix":2},"nm":"Path 2","mn":"ADBE Vector Shape - Group","hd":false,"_render":true},{"ty":"mm","mm":1,"nm":"Merge Paths 1","mn":"ADBE Vector Filter - Merge","hd":false,"_render":true},{"ty":"fl","c":{"a":0,"k":[1,1,1,1],"ix":4},"o":{"a":0,"k":100,"ix":5},"r":1,"bm":0,"nm":"Fill 1","mn":"ADBE Vector Graphic - Fill","hd":false,"_render":true},{"ty":"tr","p":{"a":0,"k":[128.722,160],"ix":2},"a":{"a":0,"k":[0,0],"ix":1},"s":{"a":0,"k":[100,100],"ix":3},"r":{"a":0,"k":0,"ix":6},"o":{"a":0,"k":100,"ix":7},"sk":{"a":0,"k":0,"ix":4},"sa":{"a":0,"k":0,"ix":5},"nm":"Transform","_render":true}],"nm":"Group 4","np":4,"cix":2,"bm":0,"ix":4,"mn":"ADBE Vector Group","hd":false,"_render":true},{"ty":"gr","it":[{"ind":0,"ty":"sh","ix":1,"ks":{"a":0,"k":{"i":[[9.591,14.269],[-9.591,14.269],[-9.591,-14.268],[-3.454,-14.268],[-3.454,9.068],[9.591,9.068]],"o":[[9.591,14.269],[-9.591,14.269],[-9.591,-14.268],[-3.454,-14.268],[-3.454,9.068],[9.591,9.068]],"v":[[9.591,14.269],[-9.591,14.269],[-9.591,-14.268],[-3.454,-14.268],[-3.454,9.068],[9.591,9.068]],"c":true},"ix":2},"nm":"Path 1","mn":"ADBE Vector Shape - Group","hd":false,"_render":true},{"ty":"fl","c":{"a":0,"k":[1,1,1,1],"ix":4},"o":{"a":0,"k":100,"ix":5},"r":1,"bm":0,"nm":"Fill 1","mn":"ADBE Vector Graphic - Fill","hd":false,"_render":true},{"ty":"tr","p":{"a":0,"k":[103.655,160],"ix":2},"a":{"a":0,"k":[0,0],"ix":1},"s":{"a":0,"k":[100,100],"ix":3},"r":{"a":0,"k":0,"ix":6},"o":{"a":0,"k":100,"ix":7},"sk":{"a":0,"k":0,"ix":4},"sa":{"a":0,"k":0,"ix":5},"nm":"Transform","_render":true}],"nm":"Group 5","np":2,"cix":2,"bm":0,"ix":5,"mn":"ADBE Vector Group","hd":false,"_render":true},{"ty":"gr","it":[{"ind":0,"ty":"sh","ix":1,"ks":{"a":0,"k":{"i":[[-13.249,9.285],[-8.006,-15],[12.781,-10.511],[7.254,-4.301],[4.003,-9.739],[-6.969,-6.021999999999999],[-4.1049999999999995,9.739],[6.685,7.722],[13.249,4.578],[7.58,15]],"o":[[-13.249,-9.285],[7.458,-15],[13.228,-4.301],[6.664999999999999,-7.584],[-4.104,-9.739],[-6.969,6.002],[4.043,9.739],[7.273,4.578],[12.741,10.748000000000001],[-7.985,15]],"v":[[-13.249,-0.01],[0.508,-15],[13.228,-4.301],[7.254,-4.301],[0.508,-9.739],[-6.969,-0.01],[0.527,9.739],[7.273,4.578],[13.249,4.578],[0.508,15]],"c":true},"ix":2},"nm":"Path 1","mn":"ADBE Vector Shape - Group","hd":false,"_render":true},{"ty":"fl","c":{"a":0,"k":[1,1,1,1],"ix":4},"o":{"a":0,"k":100,"ix":5},"r":1,"bm":0,"nm":"Fill 1","mn":"ADBE Vector Graphic - Fill","hd":false,"_render":true},{"ty":"tr","p":{"a":0,"k":[77.248,160],"ix":2},"a":{"a":0,"k":[0,0],"ix":1},"s":{"a":0,"k":[100,100],"ix":3},"r":{"a":0,"k":0,"ix":6},"o":{"a":0,"k":100,"ix":7},"sk":{"a":0,"k":0,"ix":4},"sa":{"a":0,"k":0,"ix":5},"nm":"Transform","_render":true}],"nm":"Group 6","np":2,"cix":2,"bm":0,"ix":6,"mn":"ADBE Vector Group","hd":false,"_render":true},{"ty":"gr","it":[{"ind":0,"ty":"sh","ix":1,"ks":{"a":0,"k":{"i":[[87.04599999999999,-48],[-76,-48],[-96,-39.046],[-96,28],[-87.04599999999999,48],[76,48],[96,39.046],[96,-28]],"o":[[76,-48],[-87.04599999999999,-48],[-96,-28],[-96,39.046],[-76,48],[87.04599999999999,48],[96,28],[96,-39.046]],"v":[[76,-48],[-76,-48],[-96,-28],[-96,28],[-76,48],[76,48],[96,28],[96,-28]],"c":true},"ix":2},"nm":"Path 1","mn":"ADBE Vector Shape - Group","hd":false,"_render":true},{"ty":"fl","c":{"a":0,"k":[0.3882,0.4471,0.4941,1],"ix":4},"o":{"a":0,"k":100,"ix":5},"r":1,"bm":0,"nm":"Fill 1","mn":"ADBE Vector Graphic - Fill","hd":false,"_render":true},{"ty":"tr","p":{"a":0,"k":[128,160],"ix":2},"a":{"a":0,"k":[0,0],"ix":1},"s":{"a":0,"k":[100,100],"ix":3},"r":{"a":0,"k":0,"ix":6},"o":{"a":0,"k":100,"ix":7},"sk":{"a":0,"k":0,"ix":4},"sa":{"a":0,"k":0,"ix":5},"nm":"Transform","_render":true}],"nm":"Group 7","np":2,"cix":2,"bm":0,"ix":7,"mn":"ADBE Vector Group","hd":false,"_render":true},{"ty":"gr","it":[{"ind":0,"ty":"sh","ix":1,"ks":{"a":0,"k":{"i":[[-2.079,-40.369],[-64,40.369],[64,40.369],[4.641,-37.418]],"o":[[-4.642,-37.418],[-64,40.369],[64,40.369],[2.078,-40.369]],"v":[[-4.642,-37.418],[-64,40.369],[64,40.369],[4.641,-37.418]],"c":true},"ix":2},"nm":"Path 1","mn":"ADBE Vector Shape - Group","hd":false,"_render":true},{"ty":"st","c":{"a":0,"k":[0.6314,0.6784,0.7176,1],"ix":3},"o":{"a":0,"k":100,"ix":4},"w":{"a":0,"k":4,"ix":5},"lc":1,"lj":1,"ml":10,"ml2":{"a":0,"k":10,"ix":8},"bm":0,"nm":"Stroke 1","mn":"ADBE Vector Graphic - Stroke","hd":false,"_render":true},{"ty":"tr","p":{"a":0,"k":[128,75.631],"ix":2},"a":{"a":0,"k":[0,0],"ix":1},"s":{"a":0,"k":[100,100],"ix":3},"r":{"a":0,"k":0,"ix":6},"o":{"a":0,"k":100,"ix":7},"sk":{"a":0,"k":0,"ix":4},"sa":{"a":0,"k":0,"ix":5},"nm":"Transform","_render":true}],"nm":"Group 9","np":2,"cix":2,"bm":0,"ix":8,"mn":"ADBE Vector Group","hd":false,"_render":true}],"ip":0,"op":210,"st":0,"bm":0,"completed":true}]}],"markers":[],"__complete":true}