{"v":"4.8.0","meta":{"g":"LottieFiles AE 3.4.5","a":"","k":"","d":"","tc":""},"fr":29.9700012207031,"ip":0,"op":60.0000024438501,"w":653,"h":653,"nm":"Comp 1","ddd":0,"assets":[{"id":"comp_0","layers":[{"ddd":0,"ind":1,"ty":5,"nm":"ACTIVATE","sr":1,"ks":{"o":{"a":0,"k":100,"ix":11},"r":{"a":0,"k":0,"ix":10},"p":{"a":0,"k":[240.493,393.862,0],"ix":2},"a":{"a":0,"k":[0,0,0],"ix":1},"s":{"a":0,"k":[100,100,100],"ix":6}},"ao":0,"t":{"d":{"k":[{"s":{"s":45,"f":"Montserrat-SemiBold","t":"ACTIVATE","j":0,"tr":0,"lh":54,"ls":0,"fc":[0.0314,0.3412,0.6275,1]},"t":0}]},"p":{},"m":{"g":1,"a":{"a":0,"k":[0,0],"ix":2}},"a":[]},"ip":0,"op":119.880004882812,"st":0,"bm":0,"completed":true},{"ddd":0,"ind":2,"ty":4,"nm":"å½¢ç¶å¾å± 5","sr":1,"ks":{"o":{"a":0,"k":100,"ix":11},"r":{"a":0,"k":0,"ix":10},"p":{"a":0,"k":[353,378,0],"ix":2},"a":{"a":0,"k":[120,120,0],"ix":1},"s":{"a":1,"k":[{"i":{"x":[0.667,0.667,0.667],"y":[1,1,1]},"o":{"x":[0.333,0.333,0.333],"y":[0,0,0]},"t":0,"s":[100,100,100]},{"i":{"x":[0.667,0.667,0.667],"y":[-0.401,-0.401,1]},"o":{"x":[0.333,0.333,0.333],"y":[0,0,0]},"t":79.92,"s":[110,110,100]},{"i":{"x":[0.667,0.667,0.667],"y":[1,1,1]},"o":{"x":[0.333,0.333,0.333],"y":[0.088,0.088,0]},"t":89.91,"s":[109.411,109.411,100]},{"t":99.9000040690104,"s":[100,100,100]}],"ix":6}},"ao":0,"shapes":[{"ty":"gr","it":[{"ind":0,"ty":"sh","ix":1,"ks":{"a":0,"k":{"i":[[69.588,-126],[-126,-69.588],[-69.588,126],[126,69.588]],"o":[[-69.588,-126],[-126,69.588],[69.588,126],[126,-69.588]],"v":[[0,-126],[-126,0],[0,126],[126,0]],"c":true},"ix":2},"nm":"Path 1","mn":"ADBE Vector Shape - Group","hd":false,"_render":true},{"ty":"st","c":{"a":0,"k":[0.6314,0.6784,0.7176,1],"ix":3},"o":{"a":0,"k":100,"ix":4},"w":{"a":0,"k":0,"ix":5},"lc":1,"lj":1,"ml":4,"bm":0,"nm":"æè¾¹ 1","mn":"ADBE Vector Graphic - Stroke","hd":false,"_render":true},{"ty":"fl","c":{"a":0,"k":[0.6314,0.6784,0.7176,1],"ix":4},"o":{"a":0,"k":100,"ix":5},"r":1,"bm":0,"nm":"å¡«å 1","mn":"ADBE Vector Graphic - Fill","hd":false,"_render":true},{"ty":"tr","p":{"a":0,"k":[120,120],"ix":2},"a":{"a":0,"k":[0,0],"ix":1},"s":{"a":0,"k":[100,100],"ix":3},"r":{"a":0,"k":0,"ix":6},"o":{"a":0,"k":100,"ix":7},"sk":{"a":0,"k":0,"ix":4},"sa":{"a":0,"k":0,"ix":5},"nm":"Transform","_render":true}],"nm":"æ¤­å 1","np":3,"cix":2,"bm":0,"ix":1,"mn":"ADBE Vector Group","hd":false,"_render":true}],"ip":0,"op":119.880004882812,"st":0,"bm":0,"completed":true},{"ddd":0,"ind":3,"ty":4,"nm":"å½¢ç¶å¾å± 4","sr":1,"ks":{"o":{"a":0,"k":100,"ix":11},"r":{"a":0,"k":0,"ix":10},"p":{"a":0,"k":[353,378,0],"ix":2},"a":{"a":0,"k":[-112,-181,0],"ix":1},"s":{"a":0,"k":[100,100,100],"ix":6}},"ao":0,"shapes":[{"ty":"gr","it":[{"d":1,"ty":"el","s":{"a":1,"k":[{"i":{"x":[0.313,0.313],"y":[1,1]},"o":{"x":[0.057,0.057],"y":[0,0]},"t":47.453,"s":[240,240]},{"i":{"x":[0.496,0.496],"y":[1,1]},"o":{"x":[0.189,0.189],"y":[0,0]},"t":89.91,"s":[408,408]},{"t":99.9000040690104,"s":[900,900]}],"ix":2},"p":{"a":0,"k":[0,0],"ix":3},"nm":"æ¤­åè·¯å¾ 1","mn":"ADBE Vector Shape - Ellipse","hd":false,"_render":true},{"ty":"st","c":{"a":0,"k":[0.6314,0.6784,0.7176,1],"ix":3},"o":{"a":0,"k":100,"ix":4},"w":{"a":0,"k":0,"ix":5},"lc":1,"lj":1,"ml":4,"bm":0,"nm":"æè¾¹ 1","mn":"ADBE Vector Graphic - Stroke","hd":false,"_render":true},{"ty":"fl","c":{"a":0,"k":[0.3882,0.4471,0.4941,1],"ix":4},"o":{"a":1,"k":[{"i":{"x":[0.667],"y":[1]},"o":{"x":[0.333],"y":[0]},"t":47.453,"s":[80]},{"t":99.9000040690104,"s":[0]}],"ix":5},"r":1,"bm":0,"nm":"å¡«å 1","mn":"ADBE Vector Graphic - Fill","hd":false,"_render":true},{"ty":"tr","p":{"a":0,"k":[-112,-181],"ix":2},"a":{"a":0,"k":[0,0],"ix":1},"s":{"a":0,"k":[100,100],"ix":3},"r":{"a":0,"k":0,"ix":6},"o":{"a":0,"k":100,"ix":7},"sk":{"a":0,"k":0,"ix":4},"sa":{"a":0,"k":0,"ix":5},"nm":"Transform","_render":true}],"nm":"æ¤­å 1","np":3,"cix":2,"bm":0,"ix":1,"mn":"ADBE Vector Group","hd":false,"_render":true}],"ip":0,"op":119.880004882812,"st":0,"bm":0,"completed":true},{"ddd":0,"ind":4,"ty":4,"nm":"å½¢ç¶å¾å± 3","sr":1,"ks":{"o":{"a":0,"k":100,"ix":11},"r":{"a":0,"k":0,"ix":10},"p":{"a":0,"k":[353,378,0],"ix":2},"a":{"a":0,"k":[-112,-181,0],"ix":1},"s":{"a":0,"k":[100,100,100],"ix":6}},"ao":0,"shapes":[{"ty":"gr","it":[{"d":1,"ty":"el","s":{"a":1,"k":[{"i":{"x":[0.418,0.418],"y":[1,1]},"o":{"x":[0.041,0.041],"y":[0,0]},"t":29.97,"s":[240,240]},{"i":{"x":[0.667,0.667],"y":[1,1]},"o":{"x":[0.095,0.095],"y":[0,0]},"t":86.913,"s":[552,552]},{"t":96.9030039469401,"s":[900,900]}],"ix":2},"p":{"a":0,"k":[0,0],"ix":3},"nm":"æ¤­åè·¯å¾ 1","mn":"ADBE Vector Shape - Ellipse","hd":false,"_render":true},{"ty":"st","c":{"a":0,"k":[0.6314,0.6784,0.7176,1],"ix":3},"o":{"a":0,"k":100,"ix":4},"w":{"a":0,"k":0,"ix":5},"lc":1,"lj":1,"ml":4,"bm":0,"nm":"æè¾¹ 1","mn":"ADBE Vector Graphic - Stroke","hd":false,"_render":true},{"ty":"fl","c":{"a":0,"k":[0.3882,0.4471,0.4941,1],"ix":4},"o":{"a":1,"k":[{"i":{"x":[0.667],"y":[1]},"o":{"x":[0.333],"y":[0]},"t":29.97,"s":[60]},{"t":99.9000040690104,"s":[0]}],"ix":5},"r":1,"bm":0,"nm":"å¡«å 1","mn":"ADBE Vector Graphic - Fill","hd":false,"_render":true},{"ty":"tr","p":{"a":0,"k":[-112,-181],"ix":2},"a":{"a":0,"k":[0,0],"ix":1},"s":{"a":0,"k":[100,100],"ix":3},"r":{"a":0,"k":0,"ix":6},"o":{"a":0,"k":100,"ix":7},"sk":{"a":0,"k":0,"ix":4},"sa":{"a":0,"k":0,"ix":5},"nm":"Transform","_render":true}],"nm":"æ¤­å 1","np":3,"cix":2,"bm":0,"ix":1,"mn":"ADBE Vector Group","hd":false,"_render":true}],"ip":0,"op":119.880004882812,"st":0,"bm":0,"completed":true},{"ddd":0,"ind":5,"ty":4,"nm":"å½¢ç¶å¾å± 2","sr":1,"ks":{"o":{"a":0,"k":100,"ix":11},"r":{"a":0,"k":0,"ix":10},"p":{"a":0,"k":[353,378,0],"ix":2},"a":{"a":0,"k":[-112,-181,0],"ix":1},"s":{"a":0,"k":[100,100,100],"ix":6}},"ao":0,"shapes":[{"ty":"gr","it":[{"d":1,"ty":"el","s":{"a":1,"k":[{"i":{"x":[0.574,0.574],"y":[1,1]},"o":{"x":[0.043,0.043],"y":[0,0]},"t":14.985,"s":[240,240]},{"i":{"x":[0.512,0.512],"y":[1,1]},"o":{"x":[0.096,0.096],"y":[0,0]},"t":83.916,"s":[696,696]},{"t":93.9060038248698,"s":[900,900]}],"ix":2},"p":{"a":0,"k":[0,0],"ix":3},"nm":"æ¤­åè·¯å¾ 1","mn":"ADBE Vector Shape - Ellipse","hd":false,"_render":true},{"ty":"st","c":{"a":0,"k":[0.6314,0.6784,0.7176,1],"ix":3},"o":{"a":0,"k":100,"ix":4},"w":{"a":0,"k":0,"ix":5},"lc":1,"lj":1,"ml":4,"bm":0,"nm":"æè¾¹ 1","mn":"ADBE Vector Graphic - Stroke","hd":false,"_render":true},{"ty":"fl","c":{"a":0,"k":[0.3882,0.4471,0.4941,1],"ix":4},"o":{"a":1,"k":[{"i":{"x":[0.667],"y":[1]},"o":{"x":[0.333],"y":[0]},"t":14.985,"s":[40]},{"t":99.9000040690104,"s":[0]}],"ix":5},"r":1,"bm":0,"nm":"å¡«å 1","mn":"ADBE Vector Graphic - Fill","hd":false,"_render":true},{"ty":"tr","p":{"a":0,"k":[-112,-181],"ix":2},"a":{"a":0,"k":[0,0],"ix":1},"s":{"a":0,"k":[100,100],"ix":3},"r":{"a":0,"k":0,"ix":6},"o":{"a":0,"k":100,"ix":7},"sk":{"a":0,"k":0,"ix":4},"sa":{"a":0,"k":0,"ix":5},"nm":"Transform","_render":true}],"nm":"æ¤­å 1","np":3,"cix":2,"bm":0,"ix":1,"mn":"ADBE Vector Group","hd":false,"_render":true}],"ip":0,"op":119.880004882812,"st":0,"bm":0,"completed":true}]}],"fonts":{"list":[{"fName":"Montserrat-SemiBold","fFamily":"Montserrat","fStyle":"SemiBold","ascent":74.1989135742188}]},"layers":[{"ddd":0,"ind":1,"ty":0,"nm":"åæ 1","refId":"comp_0","sr":1,"ks":{"o":{"a":0,"k":100,"ix":11},"r":{"a":0,"k":0,"ix":10},"p":{"a":0,"k":[326.5,326.5,0],"ix":2},"a":{"a":0,"k":[353,378,0],"ix":1},"s":{"a":0,"k":[100,100,100],"ix":6}},"ao":0,"w":706,"h":756,"ip":0,"op":119.880004882812,"st":0,"bm":0,"completed":true,"layers":[{"ddd":0,"ind":1,"ty":5,"nm":"ACTIVATE","sr":1,"ks":{"o":{"a":0,"k":100,"ix":11},"r":{"a":0,"k":0,"ix":10},"p":{"a":0,"k":[240.493,393.862,0],"ix":2},"a":{"a":0,"k":[0,0,0],"ix":1},"s":{"a":0,"k":[100,100,100],"ix":6}},"ao":0,"t":{"d":{"k":[{"s":{"s":45,"f":"Montserrat-SemiBold","t":"ACTIVATE","j":0,"tr":0,"lh":54,"ls":0,"fc":[0.0314,0.3412,0.6275,1]},"t":0}]},"p":{},"m":{"g":1,"a":{"a":0,"k":[0,0],"ix":2}},"a":[]},"ip":0,"op":119.880004882812,"st":0,"bm":0,"completed":true},{"ddd":0,"ind":2,"ty":4,"nm":"å½¢ç¶å¾å± 5","sr":1,"ks":{"o":{"a":0,"k":100,"ix":11},"r":{"a":0,"k":0,"ix":10},"p":{"a":0,"k":[353,378,0],"ix":2},"a":{"a":0,"k":[120,120,0],"ix":1},"s":{"a":1,"k":[{"i":{"x":[0.667,0.667,0.667],"y":[1,1,1]},"o":{"x":[0.333,0.333,0.333],"y":[0,0,0]},"t":0,"s":[100,100,100]},{"i":{"x":[0.667,0.667,0.667],"y":[-0.401,-0.401,1]},"o":{"x":[0.333,0.333,0.333],"y":[0,0,0]},"t":79.92,"s":[110,110,100]},{"i":{"x":[0.667,0.667,0.667],"y":[1,1,1]},"o":{"x":[0.333,0.333,0.333],"y":[0.088,0.088,0]},"t":89.91,"s":[109.411,109.411,100]},{"t":99.9000040690104,"s":[100,100,100]}],"ix":6}},"ao":0,"shapes":[{"ty":"gr","it":[{"ind":0,"ty":"sh","ix":1,"ks":{"a":0,"k":{"i":[[69.588,-126],[-126,-69.588],[-69.588,126],[126,69.588]],"o":[[-69.588,-126],[-126,69.588],[69.588,126],[126,-69.588]],"v":[[0,-126],[-126,0],[0,126],[126,0]],"c":true},"ix":2},"nm":"Path 1","mn":"ADBE Vector Shape - Group","hd":false,"_render":true},{"ty":"st","c":{"a":0,"k":[0.6314,0.6784,0.7176,1],"ix":3},"o":{"a":0,"k":100,"ix":4},"w":{"a":0,"k":0,"ix":5},"lc":1,"lj":1,"ml":4,"bm":0,"nm":"æè¾¹ 1","mn":"ADBE Vector Graphic - Stroke","hd":false,"_render":true},{"ty":"fl","c":{"a":0,"k":[0.6314,0.6784,0.7176,1],"ix":4},"o":{"a":0,"k":100,"ix":5},"r":1,"bm":0,"nm":"å¡«å 1","mn":"ADBE Vector Graphic - Fill","hd":false,"_render":true},{"ty":"tr","p":{"a":0,"k":[120,120],"ix":2},"a":{"a":0,"k":[0,0],"ix":1},"s":{"a":0,"k":[100,100],"ix":3},"r":{"a":0,"k":0,"ix":6},"o":{"a":0,"k":100,"ix":7},"sk":{"a":0,"k":0,"ix":4},"sa":{"a":0,"k":0,"ix":5},"nm":"Transform","_render":true}],"nm":"æ¤­å 1","np":3,"cix":2,"bm":0,"ix":1,"mn":"ADBE Vector Group","hd":false,"_render":true}],"ip":0,"op":119.880004882812,"st":0,"bm":0,"completed":true},{"ddd":0,"ind":3,"ty":4,"nm":"å½¢ç¶å¾å± 4","sr":1,"ks":{"o":{"a":0,"k":100,"ix":11},"r":{"a":0,"k":0,"ix":10},"p":{"a":0,"k":[353,378,0],"ix":2},"a":{"a":0,"k":[-112,-181,0],"ix":1},"s":{"a":0,"k":[100,100,100],"ix":6}},"ao":0,"shapes":[{"ty":"gr","it":[{"d":1,"ty":"el","s":{"a":1,"k":[{"i":{"x":[0.313,0.313],"y":[1,1]},"o":{"x":[0.057,0.057],"y":[0,0]},"t":47.453,"s":[240,240]},{"i":{"x":[0.496,0.496],"y":[1,1]},"o":{"x":[0.189,0.189],"y":[0,0]},"t":89.91,"s":[408,408]},{"t":99.9000040690104,"s":[900,900]}],"ix":2},"p":{"a":0,"k":[0,0],"ix":3},"nm":"æ¤­åè·¯å¾ 1","mn":"ADBE Vector Shape - Ellipse","hd":false,"_render":true},{"ty":"st","c":{"a":0,"k":[0.6314,0.6784,0.7176,1],"ix":3},"o":{"a":0,"k":100,"ix":4},"w":{"a":0,"k":0,"ix":5},"lc":1,"lj":1,"ml":4,"bm":0,"nm":"æè¾¹ 1","mn":"ADBE Vector Graphic - Stroke","hd":false,"_render":true},{"ty":"fl","c":{"a":0,"k":[0.3882,0.4471,0.4941,1],"ix":4},"o":{"a":1,"k":[{"i":{"x":[0.667],"y":[1]},"o":{"x":[0.333],"y":[0]},"t":47.453,"s":[80]},{"t":99.9000040690104,"s":[0]}],"ix":5},"r":1,"bm":0,"nm":"å¡«å 1","mn":"ADBE Vector Graphic - Fill","hd":false,"_render":true},{"ty":"tr","p":{"a":0,"k":[-112,-181],"ix":2},"a":{"a":0,"k":[0,0],"ix":1},"s":{"a":0,"k":[100,100],"ix":3},"r":{"a":0,"k":0,"ix":6},"o":{"a":0,"k":100,"ix":7},"sk":{"a":0,"k":0,"ix":4},"sa":{"a":0,"k":0,"ix":5},"nm":"Transform","_render":true}],"nm":"æ¤­å 1","np":3,"cix":2,"bm":0,"ix":1,"mn":"ADBE Vector Group","hd":false,"_render":true}],"ip":0,"op":119.880004882812,"st":0,"bm":0,"completed":true},{"ddd":0,"ind":4,"ty":4,"nm":"å½¢ç¶å¾å± 3","sr":1,"ks":{"o":{"a":0,"k":100,"ix":11},"r":{"a":0,"k":0,"ix":10},"p":{"a":0,"k":[353,378,0],"ix":2},"a":{"a":0,"k":[-112,-181,0],"ix":1},"s":{"a":0,"k":[100,100,100],"ix":6}},"ao":0,"shapes":[{"ty":"gr","it":[{"d":1,"ty":"el","s":{"a":1,"k":[{"i":{"x":[0.418,0.418],"y":[1,1]},"o":{"x":[0.041,0.041],"y":[0,0]},"t":29.97,"s":[240,240]},{"i":{"x":[0.667,0.667],"y":[1,1]},"o":{"x":[0.095,0.095],"y":[0,0]},"t":86.913,"s":[552,552]},{"t":96.9030039469401,"s":[900,900]}],"ix":2},"p":{"a":0,"k":[0,0],"ix":3},"nm":"æ¤­åè·¯å¾ 1","mn":"ADBE Vector Shape - Ellipse","hd":false,"_render":true},{"ty":"st","c":{"a":0,"k":[0.6314,0.6784,0.7176,1],"ix":3},"o":{"a":0,"k":100,"ix":4},"w":{"a":0,"k":0,"ix":5},"lc":1,"lj":1,"ml":4,"bm":0,"nm":"æè¾¹ 1","mn":"ADBE Vector Graphic - Stroke","hd":false,"_render":true},{"ty":"fl","c":{"a":0,"k":[0.3882,0.4471,0.4941,1],"ix":4},"o":{"a":1,"k":[{"i":{"x":[0.667],"y":[1]},"o":{"x":[0.333],"y":[0]},"t":29.97,"s":[60]},{"t":99.9000040690104,"s":[0]}],"ix":5},"r":1,"bm":0,"nm":"å¡«å 1","mn":"ADBE Vector Graphic - Fill","hd":false,"_render":true},{"ty":"tr","p":{"a":0,"k":[-112,-181],"ix":2},"a":{"a":0,"k":[0,0],"ix":1},"s":{"a":0,"k":[100,100],"ix":3},"r":{"a":0,"k":0,"ix":6},"o":{"a":0,"k":100,"ix":7},"sk":{"a":0,"k":0,"ix":4},"sa":{"a":0,"k":0,"ix":5},"nm":"Transform","_render":true}],"nm":"æ¤­å 1","np":3,"cix":2,"bm":0,"ix":1,"mn":"ADBE Vector Group","hd":false,"_render":true}],"ip":0,"op":119.880004882812,"st":0,"bm":0,"completed":true},{"ddd":0,"ind":5,"ty":4,"nm":"å½¢ç¶å¾å± 2","sr":1,"ks":{"o":{"a":0,"k":100,"ix":11},"r":{"a":0,"k":0,"ix":10},"p":{"a":0,"k":[353,378,0],"ix":2},"a":{"a":0,"k":[-112,-181,0],"ix":1},"s":{"a":0,"k":[100,100,100],"ix":6}},"ao":0,"shapes":[{"ty":"gr","it":[{"d":1,"ty":"el","s":{"a":1,"k":[{"i":{"x":[0.574,0.574],"y":[1,1]},"o":{"x":[0.043,0.043],"y":[0,0]},"t":14.985,"s":[240,240]},{"i":{"x":[0.512,0.512],"y":[1,1]},"o":{"x":[0.096,0.096],"y":[0,0]},"t":83.916,"s":[696,696]},{"t":93.9060038248698,"s":[900,900]}],"ix":2},"p":{"a":0,"k":[0,0],"ix":3},"nm":"æ¤­åè·¯å¾ 1","mn":"ADBE Vector Shape - Ellipse","hd":false,"_render":true},{"ty":"st","c":{"a":0,"k":[0.6314,0.6784,0.7176,1],"ix":3},"o":{"a":0,"k":100,"ix":4},"w":{"a":0,"k":0,"ix":5},"lc":1,"lj":1,"ml":4,"bm":0,"nm":"æè¾¹ 1","mn":"ADBE Vector Graphic - Stroke","hd":false,"_render":true},{"ty":"fl","c":{"a":0,"k":[0.3882,0.4471,0.4941,1],"ix":4},"o":{"a":1,"k":[{"i":{"x":[0.667],"y":[1]},"o":{"x":[0.333],"y":[0]},"t":14.985,"s":[40]},{"t":99.9000040690104,"s":[0]}],"ix":5},"r":1,"bm":0,"nm":"å¡«å 1","mn":"ADBE Vector Graphic - Fill","hd":false,"_render":true},{"ty":"tr","p":{"a":0,"k":[-112,-181],"ix":2},"a":{"a":0,"k":[0,0],"ix":1},"s":{"a":0,"k":[100,100],"ix":3},"r":{"a":0,"k":0,"ix":6},"o":{"a":0,"k":100,"ix":7},"sk":{"a":0,"k":0,"ix":4},"sa":{"a":0,"k":0,"ix":5},"nm":"Transform","_render":true}],"nm":"æ¤­å 1","np":3,"cix":2,"bm":0,"ix":1,"mn":"ADBE Vector Group","hd":false,"_render":true}],"ip":0,"op":119.880004882812,"st":0,"bm":0,"completed":true}]}],"markers":[],"chars":[{"ch":"A","size":45,"style":"SemiBold","w":76.7,"data":{"shapes":[{"ty":"gr","it":[{"ind":0,"ty":"sh","ix":1,"ks":{"a":0,"k":{"i":[[62.238,0],[75.934,0],[44.11,-70.496],[31.219,-70.496],[-0.504,0],[12.991,0],[19.94,-16.315],[55.188,-16.315]],"o":[[62.238,0],[75.934,0],[44.11,-70.496],[31.219,-70.496],[-0.504,0],[12.991,0],[19.94,-16.315],[55.188,-16.315]],"v":[[62.238,0],[75.934,0],[44.11,-70.496],[31.219,-70.496],[-0.504,0],[12.991,0],[19.94,-16.315],[55.188,-16.315]],"c":true},"ix":2},"nm":"A","mn":"ADBE Vector Shape - Group","hd":false,"_render":true},{"ind":1,"ty":"sh","ix":2,"ks":{"a":0,"k":{"i":[[24.371,-26.587],[37.564,-57.404],[50.858,-26.587]],"o":[[24.371,-26.587],[37.564,-57.404],[50.858,-26.587]],"v":[[24.371,-26.587],[37.564,-57.404],[50.858,-26.587]],"c":true},"ix":2},"nm":"A","mn":"ADBE Vector Shape - Group","hd":false,"_render":true},{"p":{"k":[0,0],"a":0},"s":{"k":[45,45],"a":0},"a":{"k":[0,0],"a":0},"r":{"k":0,"a":0},"o":{"k":100,"a":0},"sk":{"k":0,"a":0},"sa":{"k":0,"a":0},"ty":"tr","_render":true}],"nm":"A","np":5,"cix":2,"bm":0,"ix":1,"mn":"ADBE Vector Group","hd":false,"_render":true},{"ty":"no","_render":true}],"ip":0,"op":99999,"st":0,"sr":1,"ks":{"p":{"k":[0,0],"a":0},"s":{"k":[100,100],"a":0},"a":{"k":[0,0],"a":0},"r":{"k":0,"a":0},"o":{"k":100,"a":0}}},"fFamily":"Montserrat"},{"ch":"C","size":45,"style":"SemiBold","w":71.2,"data":{"shapes":[{"ty":"gr","it":[{"ind":0,"ty":"sh","ix":1,"ks":{"a":0,"k":{"i":[[20.543999999999997,1.007],[63.547000000000004,-3.122],[61.633,-18.832],[50.153000000000006,-10.474],[17.624,-20.745999999999995],[28.198,-60.022],[56.497,-57.303000000000004],[70.093,-59.72],[53.678000000000004,-71.503],[4.431,-56.29599999999999]],"o":[[53.67699999999999,1.007],[70.093,-10.776],[56.497,-13.192],[28.198,-10.474],[17.624,-49.75],[50.153000000000006,-60.022],[61.633,-51.764],[63.547000000000004,-67.374],[20.545,-71.503],[4.431,-14.2]],"v":[[42.096,1.007],[70.093,-10.776],[61.633,-18.832],[42.801,-10.474],[17.624,-35.248],[42.801,-60.022],[61.633,-51.764],[70.093,-59.72],[42.197,-71.503],[4.431,-35.248]],"c":true},"ix":2},"nm":"C","mn":"ADBE Vector Shape - Group","hd":false,"_render":true},{"p":{"k":[0,0],"a":0},"s":{"k":[45,45],"a":0},"a":{"k":[0,0],"a":0},"r":{"k":0,"a":0},"o":{"k":100,"a":0},"sk":{"k":0,"a":0},"sa":{"k":0,"a":0},"ty":"tr","_render":true}],"nm":"C","np":3,"cix":2,"bm":0,"ix":1,"mn":"ADBE Vector Group","hd":false,"_render":true},{"ty":"no","_render":true}],"ip":0,"op":99999,"st":0,"sr":1,"ks":{"p":{"k":[0,0],"a":0},"s":{"k":[100,100],"a":0},"a":{"k":[0,0],"a":0},"r":{"k":0,"a":0},"o":{"k":100,"a":0}}},"fFamily":"Montserrat"},{"ch":"T","size":45,"style":"SemiBold","w":61.2,"data":{"shapes":[{"ty":"gr","it":[{"ind":0,"ty":"sh","ix":1,"ks":{"a":0,"k":{"i":[[23.767,0],[36.859,0],[36.859,-59.418],[60.223,-59.418],[60.223,-70.496],[0.403,-70.496],[0.403,-59.418],[23.767,-59.418]],"o":[[23.767,0],[36.859,0],[36.859,-59.418],[60.223,-59.418],[60.223,-70.496],[0.403,-70.496],[0.403,-59.418],[23.767,-59.418]],"v":[[23.767,0],[36.859,0],[36.859,-59.418],[60.223,-59.418],[60.223,-70.496],[0.403,-70.496],[0.403,-59.418],[23.767,-59.418]],"c":true},"ix":2},"nm":"T","mn":"ADBE Vector Shape - Group","hd":false,"_render":true},{"p":{"k":[0,0],"a":0},"s":{"k":[45,45],"a":0},"a":{"k":[0,0],"a":0},"r":{"k":0,"a":0},"o":{"k":100,"a":0},"sk":{"k":0,"a":0},"sa":{"k":0,"a":0},"ty":"tr","_render":true}],"nm":"T","np":3,"cix":2,"bm":0,"ix":1,"mn":"ADBE Vector Group","hd":false,"_render":true},{"ty":"no","_render":true}],"ip":0,"op":99999,"st":0,"sr":1,"ks":{"p":{"k":[0,0],"a":0},"s":{"k":[100,100],"a":0},"a":{"k":[0,0],"a":0},"r":{"k":0,"a":0},"o":{"k":100,"a":0}}},"fFamily":"Montserrat"},{"ch":"I","size":45,"style":"SemiBold","w":31.9,"data":{"shapes":[{"ty":"gr","it":[{"ind":0,"ty":"sh","ix":1,"ks":{"a":0,"k":{"i":[[9.467,0],[22.559,0],[22.559,-70.496],[9.467,-70.496]],"o":[[9.467,0],[22.559,0],[22.559,-70.496],[9.467,-70.496]],"v":[[9.467,0],[22.559,0],[22.559,-70.496],[9.467,-70.496]],"c":true},"ix":2},"nm":"I","mn":"ADBE Vector Shape - Group","hd":false,"_render":true},{"p":{"k":[0,0],"a":0},"s":{"k":[45,45],"a":0},"a":{"k":[0,0],"a":0},"r":{"k":0,"a":0},"o":{"k":100,"a":0},"sk":{"k":0,"a":0},"sa":{"k":0,"a":0},"ty":"tr","_render":true}],"nm":"I","np":3,"cix":2,"bm":0,"ix":1,"mn":"ADBE Vector Group","hd":false,"_render":true},{"ty":"no","_render":true}],"ip":0,"op":99999,"st":0,"sr":1,"ks":{"p":{"k":[0,0],"a":0},"s":{"k":[100,100],"a":0},"a":{"k":[0,0],"a":0},"r":{"k":0,"a":0},"o":{"k":100,"a":0}}},"fFamily":"Montserrat"},{"ch":"V","size":45,"style":"SemiBold","w":72.9,"data":{"shapes":[{"ty":"gr","it":[{"ind":0,"ty":"sh","ix":1,"ks":{"a":0,"k":{"i":[[60.828,-70.496],[37.161,-16.113],[13.696,-70.496],[-0.504,-70.496],[30.313,0],[43.204,0],[73.92,-70.496]],"o":[[60.828,-70.496],[37.161,-16.113],[13.696,-70.496],[-0.504,-70.496],[30.313,0],[43.204,0],[73.92,-70.496]],"v":[[60.828,-70.496],[37.161,-16.113],[13.696,-70.496],[-0.504,-70.496],[30.313,0],[43.204,0],[73.92,-70.496]],"c":true},"ix":2},"nm":"V","mn":"ADBE Vector Shape - Group","hd":false,"_render":true},{"p":{"k":[0,0],"a":0},"s":{"k":[45,45],"a":0},"a":{"k":[0,0],"a":0},"r":{"k":0,"a":0},"o":{"k":100,"a":0},"sk":{"k":0,"a":0},"sa":{"k":0,"a":0},"ty":"tr","_render":true}],"nm":"V","np":3,"cix":2,"bm":0,"ix":1,"mn":"ADBE Vector Group","hd":false,"_render":true},{"ty":"no","_render":true}],"ip":0,"op":99999,"st":0,"sr":1,"ks":{"p":{"k":[0,0],"a":0},"s":{"k":[100,100],"a":0},"a":{"k":[0,0],"a":0},"r":{"k":0,"a":0},"o":{"k":100,"a":0}}},"fFamily":"Montserrat"},{"ch":"E","size":45,"style":"SemiBold","w":67,"data":{"shapes":[{"ty":"gr","it":[{"ind":0,"ty":"sh","ix":1,"ks":{"a":0,"k":{"i":[[22.559,-10.977],[22.559,-30.414],[56.598,-30.414],[56.598,-41.19],[22.559,-41.19],[22.559,-59.518],[60.928,-59.518],[60.928,-70.496],[9.467,-70.496],[9.467,0],[62.338,0],[62.338,-10.977]],"o":[[22.559,-10.977],[22.559,-30.414],[56.598,-30.414],[56.598,-41.19],[22.559,-41.19],[22.559,-59.518],[60.928,-59.518],[60.928,-70.496],[9.467,-70.496],[9.467,0],[62.338,0],[62.338,-10.977]],"v":[[22.559,-10.977],[22.559,-30.414],[56.598,-30.414],[56.598,-41.19],[22.559,-41.19],[22.559,-59.518],[60.928,-59.518],[60.928,-70.496],[9.467,-70.496],[9.467,0],[62.338,0],[62.338,-10.977]],"c":true},"ix":2},"nm":"E","mn":"ADBE Vector Shape - Group","hd":false,"_render":true},{"p":{"k":[0,0],"a":0},"s":{"k":[45,45],"a":0},"a":{"k":[0,0],"a":0},"r":{"k":0,"a":0},"o":{"k":100,"a":0},"sk":{"k":0,"a":0},"sa":{"k":0,"a":0},"ty":"tr","_render":true}],"nm":"E","np":3,"cix":2,"bm":0,"ix":1,"mn":"ADBE Vector Group","hd":false,"_render":true},{"ty":"no","_render":true}],"ip":0,"op":99999,"st":0,"sr":1,"ks":{"p":{"k":[0,0],"a":0},"s":{"k":[100,100],"a":0},"a":{"k":[0,0],"a":0},"r":{"k":0,"a":0},"o":{"k":100,"a":0}}},"fFamily":"Montserrat"}],"__complete":true}