{"v":"5.5.5","fr":60,"ip":0,"op":225,"w":985,"h":910,"nm":"â½ Group 62","ddd":0,"assets":[{"id":"comp_0","layers":[{"ddd":0,"ind":1,"ty":4,"nm":"Shape Layer 16","sr":1,"ks":{"o":{"a":0,"k":100,"ix":11},"r":{"a":0,"k":0,"ix":10},"p":{"a":0,"k":[492.5,455,0],"ix":2},"a":{"a":0,"k":[0,0,0],"ix":1},"s":{"a":0,"k":[100,100,100],"ix":6}},"ao":0,"shapes":[],"ip":0,"op":3600,"st":0,"bm":0,"completed":true},{"ddd":0,"ind":2,"ty":4,"nm":"Shape Layer 14","sr":1,"ks":{"o":{"a":0,"k":100,"ix":11},"r":{"a":0,"k":0,"ix":10},"p":{"a":0,"k":[492.5,455,0],"ix":2},"a":{"a":0,"k":[0,0,0],"ix":1},"s":{"a":0,"k":[100,100,100],"ix":6}},"ao":0,"shapes":[{"ty":"gr","it":[{"ind":0,"ty":"sh","ix":1,"ks":{"a":0,"k":{"i":[[-40.75,-106.75],[-17.5,-96.5]],"o":[[-40.75,-106.75],[-17.5,-96.5]],"v":[[-40.75,-106.75],[-17.5,-96.5]],"c":false},"ix":2},"nm":"Path 1","mn":"ADBE Vector Shape - Group","hd":false},{"ty":"st","c":{"a":0,"k":[0.35,0.35,0.35,1],"ix":3},"o":{"a":0,"k":100,"ix":4},"w":{"a":0,"k":3,"ix":5},"lc":2,"lj":1,"ml":4,"bm":0,"nm":"Stroke 1","mn":"ADBE Vector Graphic - Stroke","hd":false},{"ty":"fl","c":{"a":0,"k":[1,1,1,1],"ix":4},"o":{"a":0,"k":100,"ix":5},"r":1,"bm":0,"nm":"Fill 1","mn":"ADBE Vector Graphic - Fill","hd":false},{"ty":"tr","p":{"a":0,"k":[0,0],"ix":2},"a":{"a":0,"k":[0,0],"ix":1},"s":{"a":0,"k":[100,100],"ix":3},"r":{"a":0,"k":0,"ix":6},"o":{"a":0,"k":100,"ix":7},"sk":{"a":0,"k":0,"ix":4},"sa":{"a":0,"k":0,"ix":5},"nm":"Transform"}],"nm":"Shape 1","np":3,"cix":2,"bm":0,"ix":1,"mn":"ADBE Vector Group","hd":false},{"ty":"tm","s":{"a":0,"k":0,"ix":1},"e":{"a":1,"k":[{"i":{"x":[0],"y":[1]},"o":{"x":[0.075],"y":[0.344]},"t":44,"s":[0]},{"t":70,"s":[100]}],"ix":2},"o":{"a":0,"k":0,"ix":3},"m":1,"ix":2,"nm":"Trim Paths 1","mn":"ADBE Vector Filter - Trim","hd":false}],"ip":0,"op":3600,"st":0,"bm":0,"completed":true},{"ddd":0,"ind":3,"ty":4,"nm":"Shape Layer 13","sr":1,"ks":{"o":{"a":0,"k":100,"ix":11},"r":{"a":0,"k":0,"ix":10},"p":{"a":0,"k":[492.5,455,0],"ix":2},"a":{"a":0,"k":[0,0,0],"ix":1},"s":{"a":0,"k":[100,100,100],"ix":6}},"ao":0,"shapes":[{"ty":"gr","it":[{"ind":0,"ty":"sh","ix":1,"ks":{"a":0,"k":{"i":[[-62.25,-138.25],[-14.5,-118.25]],"o":[[-62.25,-138.25],[-14.5,-118.25]],"v":[[-62.25,-138.25],[-14.5,-118.25]],"c":false},"ix":2},"nm":"Path 1","mn":"ADBE Vector Shape - Group","hd":false},{"ty":"st","c":{"a":0,"k":[0.35,0.35,0.35,1],"ix":3},"o":{"a":0,"k":100,"ix":4},"w":{"a":0,"k":3,"ix":5},"lc":2,"lj":1,"ml":4,"bm":0,"nm":"Stroke 1","mn":"ADBE Vector Graphic - Stroke","hd":false},{"ty":"fl","c":{"a":0,"k":[1,1,1,1],"ix":4},"o":{"a":0,"k":100,"ix":5},"r":1,"bm":0,"nm":"Fill 1","mn":"ADBE Vector Graphic - Fill","hd":false},{"ty":"tr","p":{"a":0,"k":[0,0],"ix":2},"a":{"a":0,"k":[0,0],"ix":1},"s":{"a":0,"k":[100,100],"ix":3},"r":{"a":0,"k":0,"ix":6},"o":{"a":0,"k":100,"ix":7},"sk":{"a":0,"k":0,"ix":4},"sa":{"a":0,"k":0,"ix":5},"nm":"Transform"}],"nm":"Shape 1","np":3,"cix":2,"bm":0,"ix":1,"mn":"ADBE Vector Group","hd":false},{"ty":"tm","s":{"a":0,"k":0,"ix":1},"e":{"a":1,"k":[{"i":{"x":[0],"y":[1]},"o":{"x":[0.075],"y":[0.344]},"t":41,"s":[0]},{"t":67,"s":[100]}],"ix":2},"o":{"a":0,"k":0,"ix":3},"m":1,"ix":2,"nm":"Trim Paths 1","mn":"ADBE Vector Filter - Trim","hd":false}],"ip":0,"op":3600,"st":0,"bm":0,"completed":true},{"ddd":0,"ind":4,"ty":4,"nm":"Shape Layer 12","sr":1,"ks":{"o":{"a":0,"k":100,"ix":11},"r":{"a":0,"k":0,"ix":10},"p":{"a":0,"k":[492.5,455,0],"ix":2},"a":{"a":0,"k":[0,0,0],"ix":1},"s":{"a":0,"k":[100,100,100],"ix":6}},"ao":0,"shapes":[{"ty":"gr","it":[{"ind":0,"ty":"sh","ix":1,"ks":{"a":0,"k":{"i":[[-58.5,-154.5],[-9.75,-133]],"o":[[-58.5,-154.5],[-9.75,-133]],"v":[[-58.5,-154.5],[-9.75,-133]],"c":false},"ix":2},"nm":"Path 1","mn":"ADBE Vector Shape - Group","hd":false},{"ty":"st","c":{"a":0,"k":[0.35,0.35,0.35,1],"ix":3},"o":{"a":0,"k":100,"ix":4},"w":{"a":0,"k":3,"ix":5},"lc":2,"lj":1,"ml":4,"bm":0,"nm":"Stroke 1","mn":"ADBE Vector Graphic - Stroke","hd":false},{"ty":"fl","c":{"a":0,"k":[1,1,1,1],"ix":4},"o":{"a":0,"k":100,"ix":5},"r":1,"bm":0,"nm":"Fill 1","mn":"ADBE Vector Graphic - Fill","hd":false},{"ty":"tr","p":{"a":0,"k":[0,0],"ix":2},"a":{"a":0,"k":[0,0],"ix":1},"s":{"a":0,"k":[100,100],"ix":3},"r":{"a":0,"k":0,"ix":6},"o":{"a":0,"k":100,"ix":7},"sk":{"a":0,"k":0,"ix":4},"sa":{"a":0,"k":0,"ix":5},"nm":"Transform"}],"nm":"Shape 1","np":3,"cix":2,"bm":0,"ix":1,"mn":"ADBE Vector Group","hd":false},{"ty":"tm","s":{"a":0,"k":0,"ix":1},"e":{"a":1,"k":[{"i":{"x":[0],"y":[1]},"o":{"x":[0.075],"y":[0.344]},"t":38,"s":[0]},{"t":64,"s":[100]}],"ix":2},"o":{"a":0,"k":0,"ix":3},"m":1,"ix":2,"nm":"Trim Paths 1","mn":"ADBE Vector Filter - Trim","hd":false}],"ip":0,"op":3600,"st":0,"bm":0,"completed":true},{"ddd":0,"ind":5,"ty":4,"nm":"Shape Layer 11","sr":1,"ks":{"o":{"a":0,"k":100,"ix":11},"r":{"a":0,"k":0,"ix":10},"p":{"a":0,"k":[492.5,455,0],"ix":2},"a":{"a":0,"k":[0,0,0],"ix":1},"s":{"a":0,"k":[100,100,100],"ix":6}},"ao":0,"shapes":[{"ty":"gr","it":[{"ind":0,"ty":"sh","ix":1,"ks":{"a":0,"k":{"i":[[-54.25,-171],[-5.75,-150.25]],"o":[[-54.25,-171],[-5.75,-150.25]],"v":[[-54.25,-171],[-5.75,-150.25]],"c":false},"ix":2},"nm":"Path 1","mn":"ADBE Vector Shape - Group","hd":false},{"ty":"st","c":{"a":0,"k":[0.35,0.35,0.35,1],"ix":3},"o":{"a":0,"k":100,"ix":4},"w":{"a":0,"k":3,"ix":5},"lc":2,"lj":1,"ml":4,"bm":0,"nm":"Stroke 1","mn":"ADBE Vector Graphic - Stroke","hd":false},{"ty":"fl","c":{"a":0,"k":[1,1,1,1],"ix":4},"o":{"a":0,"k":100,"ix":5},"r":1,"bm":0,"nm":"Fill 1","mn":"ADBE Vector Graphic - Fill","hd":false},{"ty":"tr","p":{"a":0,"k":[0,0],"ix":2},"a":{"a":0,"k":[0,0],"ix":1},"s":{"a":0,"k":[100,100],"ix":3},"r":{"a":0,"k":0,"ix":6},"o":{"a":0,"k":100,"ix":7},"sk":{"a":0,"k":0,"ix":4},"sa":{"a":0,"k":0,"ix":5},"nm":"Transform"}],"nm":"Shape 1","np":3,"cix":2,"bm":0,"ix":1,"mn":"ADBE Vector Group","hd":false},{"ty":"tm","s":{"a":0,"k":0,"ix":1},"e":{"a":1,"k":[{"i":{"x":[0],"y":[1]},"o":{"x":[0.075],"y":[0.344]},"t":37,"s":[0]},{"t":63,"s":[100]}],"ix":2},"o":{"a":0,"k":0,"ix":3},"m":1,"ix":2,"nm":"Trim Paths 1","mn":"ADBE Vector Filter - Trim","hd":false}],"ip":0,"op":3600,"st":0,"bm":0,"completed":true},{"ddd":0,"ind":6,"ty":4,"nm":"Shape Layer 10","sr":1,"ks":{"o":{"a":0,"k":100,"ix":11},"r":{"a":0,"k":0,"ix":10},"p":{"a":0,"k":[492.5,455,0],"ix":2},"a":{"a":0,"k":[0,0,0],"ix":1},"s":{"a":0,"k":[100,100,100],"ix":6}},"ao":0,"shapes":[{"ty":"gr","it":[{"ind":0,"ty":"sh","ix":1,"ks":{"a":0,"k":{"i":[[-46.5,-185.5],[2.75,-165.25]],"o":[[-46.5,-185.5],[2.75,-165.25]],"v":[[-46.5,-185.5],[2.75,-165.25]],"c":false},"ix":2},"nm":"Path 1","mn":"ADBE Vector Shape - Group","hd":false},{"ty":"st","c":{"a":0,"k":[0.35,0.35,0.35,1],"ix":3},"o":{"a":0,"k":100,"ix":4},"w":{"a":0,"k":3,"ix":5},"lc":2,"lj":1,"ml":4,"bm":0,"nm":"Stroke 1","mn":"ADBE Vector Graphic - Stroke","hd":false},{"ty":"fl","c":{"a":0,"k":[1,1,1,1],"ix":4},"o":{"a":0,"k":100,"ix":5},"r":1,"bm":0,"nm":"Fill 1","mn":"ADBE Vector Graphic - Fill","hd":false},{"ty":"tr","p":{"a":0,"k":[0,0],"ix":2},"a":{"a":0,"k":[0,0],"ix":1},"s":{"a":0,"k":[100,100],"ix":3},"r":{"a":0,"k":0,"ix":6},"o":{"a":0,"k":100,"ix":7},"sk":{"a":0,"k":0,"ix":4},"sa":{"a":0,"k":0,"ix":5},"nm":"Transform"}],"nm":"Shape 1","np":3,"cix":2,"bm":0,"ix":1,"mn":"ADBE Vector Group","hd":false},{"ty":"tm","s":{"a":0,"k":0,"ix":1},"e":{"a":1,"k":[{"i":{"x":[0],"y":[1]},"o":{"x":[0.075],"y":[0.344]},"t":34,"s":[0]},{"t":60,"s":[100]}],"ix":2},"o":{"a":0,"k":0,"ix":3},"m":1,"ix":2,"nm":"Trim Paths 1","mn":"ADBE Vector Filter - Trim","hd":false}],"ip":0,"op":3600,"st":0,"bm":0,"completed":true},{"ddd":0,"ind":7,"ty":4,"nm":"Shape Layer 9","sr":1,"ks":{"o":{"a":0,"k":100,"ix":11},"r":{"a":0,"k":0,"ix":10},"p":{"a":0,"k":[492.5,455,0],"ix":2},"a":{"a":0,"k":[0,0,0],"ix":1},"s":{"a":0,"k":[100,100,100],"ix":6}},"ao":0,"shapes":[{"ty":"gr","it":[{"ind":0,"ty":"sh","ix":1,"ks":{"a":0,"k":{"i":[[-1.25,-183],[-2.848,-185.636],[-2.565,-194.165],[5.003,-199.425],[17.442,-196.847],[12.25,-178.75]],"o":[[-1.25,-183],[-3.393,-191.27599999999998],[1.485,-197.764],[12.925,-199.246],[21,-184.75],[3.266,-180.354]],"v":[[-1.25,-183],[-3.143,-188.688],[-0.5,-196],[8.497,-199.346],[18.5,-193.25],[5.25,-180]],"c":false},"ix":2},"nm":"Path 1","mn":"ADBE Vector Shape - Group","hd":false},{"ty":"st","c":{"a":0,"k":[0.35,0.35,0.35,1],"ix":3},"o":{"a":0,"k":100,"ix":4},"w":{"a":0,"k":3,"ix":5},"lc":2,"lj":1,"ml":4,"bm":0,"nm":"Stroke 1","mn":"ADBE Vector Graphic - Stroke","hd":false},{"ty":"fl","c":{"a":0,"k":[1,1,1,1],"ix":4},"o":{"a":0,"k":100,"ix":5},"r":1,"bm":0,"nm":"Fill 1","mn":"ADBE Vector Graphic - Fill","hd":false},{"ty":"tr","p":{"a":0,"k":[0,0],"ix":2},"a":{"a":0,"k":[0,0],"ix":1},"s":{"a":0,"k":[100,100],"ix":3},"r":{"a":0,"k":0,"ix":6},"o":{"a":0,"k":100,"ix":7},"sk":{"a":0,"k":0,"ix":4},"sa":{"a":0,"k":0,"ix":5},"nm":"Transform"}],"nm":"Shape 1","np":3,"cix":2,"bm":0,"ix":1,"mn":"ADBE Vector Group","hd":false},{"ty":"tm","s":{"a":0,"k":0,"ix":1},"e":{"a":1,"k":[{"i":{"x":[0],"y":[1]},"o":{"x":[0.075],"y":[0.344]},"t":38,"s":[0]},{"t":64,"s":[100]}],"ix":2},"o":{"a":0,"k":0,"ix":3},"m":1,"ix":2,"nm":"Trim Paths 1","mn":"ADBE Vector Filter - Trim","hd":false}],"ip":0,"op":3600,"st":0,"bm":0,"completed":true},{"ddd":0,"ind":8,"ty":4,"nm":"Shape Layer 8","sr":1,"ks":{"o":{"a":0,"k":100,"ix":11},"r":{"a":0,"k":0,"ix":10},"p":{"a":0,"k":[492.5,455,0],"ix":2},"a":{"a":0,"k":[0,0,0],"ix":1},"s":{"a":0,"k":[100,100,100],"ix":6}},"ao":0,"shapes":[{"ty":"gr","it":[{"ind":0,"ty":"sh","ix":1,"ks":{"a":0,"k":{"i":[[-32.75,-207],[-15.75,-200.5]],"o":[[-32.75,-207],[-15.75,-200.5]],"v":[[-32.75,-207],[-15.75,-200.5]],"c":false},"ix":2},"nm":"Path 1","mn":"ADBE Vector Shape - Group","hd":false},{"ty":"st","c":{"a":0,"k":[0.35,0.35,0.35,1],"ix":3},"o":{"a":0,"k":100,"ix":4},"w":{"a":0,"k":3,"ix":5},"lc":2,"lj":1,"ml":4,"bm":0,"nm":"Stroke 1","mn":"ADBE Vector Graphic - Stroke","hd":false},{"ty":"fl","c":{"a":0,"k":[1,1,1,1],"ix":4},"o":{"a":0,"k":100,"ix":5},"r":1,"bm":0,"nm":"Fill 1","mn":"ADBE Vector Graphic - Fill","hd":false},{"ty":"tr","p":{"a":0,"k":[0,0],"ix":2},"a":{"a":0,"k":[0,0],"ix":1},"s":{"a":0,"k":[100,100],"ix":3},"r":{"a":0,"k":0,"ix":6},"o":{"a":0,"k":100,"ix":7},"sk":{"a":0,"k":0,"ix":4},"sa":{"a":0,"k":0,"ix":5},"nm":"Transform"}],"nm":"Shape 1","np":3,"cix":2,"bm":0,"ix":1,"mn":"ADBE Vector Group","hd":false},{"ty":"tm","s":{"a":0,"k":0,"ix":1},"e":{"a":1,"k":[{"i":{"x":[0],"y":[1]},"o":{"x":[0.075],"y":[0.344]},"t":32,"s":[0]},{"t":58,"s":[100]}],"ix":2},"o":{"a":0,"k":0,"ix":3},"m":1,"ix":2,"nm":"Trim Paths 1","mn":"ADBE Vector Filter - Trim","hd":false}],"ip":0,"op":3600,"st":0,"bm":0,"completed":true},{"ddd":0,"ind":9,"ty":4,"nm":"Page","sr":1,"ks":{"o":{"a":0,"k":100,"ix":11},"r":{"a":0,"k":0,"ix":10},"p":{"a":0,"k":[471.356,299.63,0],"ix":2},"a":{"a":0,"k":[0,0,0],"ix":1},"s":{"a":0,"k":[100,100,100],"ix":6}},"ao":0,"shapes":[{"ty":"gr","it":[{"ind":0,"ty":"sh","ix":1,"ks":{"a":0,"k":{"i":[[10.354,5.075],[5.714,19.465],[4.5040000000000004,26.595000000000002],[-8.245999999999999,20.435],[-16.825999999999997,17.134999999999998],[-19.555999999999997,16.215],[-19.666,14.754999999999999],[-19.576,13.555],[-19.366,11.345],[-18.776,7.055000000000001],[-12.916,-13.954999999999998],[-5.3759999999999994,-25.345],[-4.746,-26.555],[9.744,-20.315],[18.694,-16.975],[19.724,-16.845000000000002],[18.934,-14.975],[15.994,-8.495000000000001],[11.654,1.4650000000000003],[11.254000000000001,5.265],[17.433999999999997,-9.715],[20.724,-17.025000000000002],[3.614,-22.675],[-4.926,-26.935000000000002],[-11.446,-17.545],[-17.986,-1.705],[-20.386,10.885],[-21.076,16.055000000000003],[-18.366,17.325],[-3.116,23.765],[4.834,26.974999999999998],[8.814,12.055],[10.463999999999999,4.745]],"o":[[7.793999999999999,12.195],[4.194,26.695],[-1.726,23.545],[-15.886,17.505],[-18.296,16.535],[-19.826,15.325],[-19.605999999999998,13.985],[-19.456000000000003,12.235],[-19.046,8.754999999999999],[-16.605999999999998,-4.424999999999999],[-6.426,-23.805],[-4.4559999999999995,-26.635],[1.9539999999999997,-22.655],[17.954,-17.295],[19.824,-16.595000000000002],[19.433999999999997,-15.735000000000001],[17.294,-11.385],[13.184000000000001,-2.065],[10.234,5.3950000000000005],[14.064,-2.495],[20.804,-16.945],[12.384000000000002,-20.305],[-4.486,-27.105],[-8.716,-22.635],[-16.146,-7.305],[-19.896,7.4350000000000005],[-20.726,15.375],[-19.285999999999998,16.985000000000003],[-10.216000000000001,20.544999999999998],[4.234,27.085],[6.734,19.325],[11.484,4.614999999999999],[10.354,5.075]],"v":[[10.354,5.075],[3.894,26.805],[4.814,26.495],[-14.936,17.865],[-17.766,16.755],[-19.726,15.665],[-19.636,14.405],[-19.536,13.135],[-19.256,10.465],[-18.456,5.355],[-7.426,-22.275],[-4.156,-26.715],[-5.046,-26.475],[17.204,-17.565],[19.454,-16.725],[19.624,-16.475],[18.614,-14.275],[14.724,-5.585],[10.354,5.075],[11.374,4.935],[20.764,-16.875],[20.664,-17.045],[-4.226,-26.965],[-5.106,-26.725],[-13.706,-12.625],[-19.186,4.025],[-20.646,14.355],[-20.136,16.545],[-17.466,17.685],[3.994,26.975],[4.914,26.665],[11.374,4.935],[10.354,5.075]],"c":false},"ix":2},"nm":"Path 1","mn":"ADBE Vector Shape - Group","hd":false},{"ty":"fl","c":{"a":0,"k":[0.6314,0.6784,0.7176,1],"ix":4},"o":{"a":0,"k":100,"ix":5},"r":1,"bm":0,"nm":"Fill 1","mn":"ADBE Vector Graphic - Fill","hd":false},{"ty":"tr","p":{"a":0,"k":[0,0],"ix":2},"a":{"a":0,"k":[0,0],"ix":1},"s":{"a":0,"k":[300,300],"ix":3},"r":{"a":0,"k":0,"ix":6},"o":{"a":0,"k":100,"ix":7},"sk":{"a":0,"k":0,"ix":4},"sa":{"a":0,"k":0,"ix":5},"nm":"Transform"}],"nm":"Fill 50","np":2,"cix":2,"bm":0,"ix":1,"mn":"ADBE Vector Group","hd":false},{"ty":"st","c":{"a":0,"k":[1,1,1,1],"ix":3},"o":{"a":0,"k":100,"ix":4},"w":{"a":0,"k":2,"ix":5},"lc":1,"lj":1,"ml":4,"bm":0,"nm":"Stroke 1","mn":"ADBE Vector Graphic - Stroke","hd":false}],"ip":0,"op":3600,"st":0,"bm":0,"completed":true},{"ddd":0,"ind":10,"ty":4,"nm":"Shape Layer 7","sr":1,"ks":{"o":{"a":0,"k":100,"ix":11},"r":{"a":0,"k":0,"ix":10},"p":{"a":0,"k":[412.178,346.625,0],"ix":2},"a":{"a":0,"k":[-80.322,-108.375,0],"ix":1},"s":{"a":0,"k":[100,100,100],"ix":6}},"ao":0,"shapes":[{"ty":"gr","it":[{"ind":0,"ty":"sh","ix":1,"ks":{"a":0,"k":{"i":[[-25,-229],[-83.5,-141.5],[-8.5,-75.5],[1.5,-130]],"o":[[-61.5,-210.5],[-58.5,-97.5],[-8.5,-75.5],[2.5,-219.5]],"v":[[-33,-235.5],[-81,-108],[-8.5,-75.5],[40,-206]],"c":true},"ix":2},"nm":"Path 1","mn":"ADBE Vector Shape - Group","hd":false},{"ty":"st","c":{"a":0,"k":[0.6314,0.6784,0.7176,1],"ix":3},"o":{"a":0,"k":100,"ix":4},"w":{"a":0,"k":2,"ix":5},"lc":1,"lj":1,"ml":4,"bm":0,"nm":"Stroke 1","mn":"ADBE Vector Graphic - Stroke","hd":false},{"ty":"fl","c":{"a":0,"k":[1,1,1,1],"ix":4},"o":{"a":0,"k":100,"ix":5},"r":1,"bm":0,"nm":"Fill 1","mn":"ADBE Vector Graphic - Fill","hd":false},{"ty":"tr","p":{"a":0,"k":[0,0],"ix":2},"a":{"a":0,"k":[0,0],"ix":1},"s":{"a":0,"k":[100,100],"ix":3},"r":{"a":0,"k":0,"ix":6},"o":{"a":0,"k":100,"ix":7},"sk":{"a":0,"k":0,"ix":4},"sa":{"a":0,"k":0,"ix":5},"nm":"Transform"}],"nm":"Shape 1","np":3,"cix":2,"bm":0,"ix":1,"mn":"ADBE Vector Group","hd":false}],"ip":0,"op":3600,"st":0,"bm":0,"completed":true},{"ddd":0,"ind":11,"ty":4,"nm":"Page 6","sr":1,"ks":{"o":{"a":1,"k":[{"i":{"x":[0],"y":[1]},"o":{"x":[0.026],"y":[0.06]},"t":40,"s":[0]},{"t":63,"s":[100]}],"ix":11},"r":{"a":1,"k":[{"i":{"x":[0.194],"y":[1.028]},"o":{"x":[0.067],"y":[1.268]},"t":41,"s":[-10]},{"t":99,"s":[0]}],"ix":10},"p":{"a":0,"k":[493.663,378.251,0],"ix":2},"a":{"a":0,"k":[-25.808,62.423,0],"ix":1},"s":{"a":0,"k":[100,100,100],"ix":6}},"ao":0,"shapes":[{"ty":"gr","it":[{"ind":0,"ty":"sh","ix":1,"ks":{"a":0,"k":{"i":[[4.827,-20.462],[8.197,-18.212],[10.267,-17.422],[9.437,-17.241999999999997],[7.737,-15.062],[4.147,-9.962],[-5.123,6.838],[-8.973,18.718],[-8.992999999999999,20.528],[-9.443000000000001,20.048],[-11.093,20.168],[-9.863000000000001,20.838],[-8.703,21.137999999999998],[-5.6530000000000005,11.518],[2.5470000000000006,-6.061999999999999],[8.017,-13.972],[9.397,-15.841999999999999],[10.027000000000001,-16.592],[10.497,-16.762],[11.077,-17.232],[7.307,-19.942],[4.3469999999999995,-20.772]],"o":[[6.5169999999999995,-19.352],[10.047,-17.212],[9.907,-17.832],[8.376999999999999,-15.991999999999999],[5.606999999999999,-12.072],[-1.7329999999999997,-0.7519999999999998],[-8.393,16.738],[-9.293000000000001,20.608],[-9.072999999999999,20.248],[-10.193000000000001,19.637999999999998],[-10.223,20.637999999999998],[-9.243,21.178],[-7.173,16.137999999999998],[-1.153,0.17799999999999994],[7.347,-13.012],[9.046999999999999,-15.372],[9.876999999999999,-16.451999999999998],[10.427,-17.162],[10.237,-16.842000000000002],[8.977,-18.802],[5.237,-21.291999999999998],[4.827,-20.462]],"v":[[4.827,-20.462],[9.817,-17.002],[10.497,-17.632],[9.107,-16.842],[7.087,-14.152],[2.777,-7.802],[-7.743,14.778],[-9.583,20.688],[-8.703,20.448],[-9.813,19.848],[-10.593,20.438],[-9.483,21.038],[-8.603,20.808],[-3.843,6.978],[6.687,-12.052],[8.697,-14.902],[9.757,-16.302],[10.137,-16.752],[9.907,-16.952],[10.597,-17.592],[5.617,-21.052],[4.827,-20.462]],"c":false},"ix":2},"nm":"Path 1","mn":"ADBE Vector Shape - Group","hd":false},{"ty":"fl","c":{"a":0,"k":[0.6314,0.6784,0.7176,1],"ix":4},"o":{"a":0,"k":100,"ix":5},"r":1,"bm":0,"nm":"Fill 1","mn":"ADBE Vector Graphic - Fill","hd":false},{"ty":"tr","p":{"a":0,"k":[0,0],"ix":2},"a":{"a":0,"k":[0,0],"ix":1},"s":{"a":0,"k":[300,300],"ix":3},"r":{"a":0,"k":0,"ix":6},"o":{"a":0,"k":100,"ix":7},"sk":{"a":0,"k":0,"ix":4},"sa":{"a":0,"k":0,"ix":5},"nm":"Transform"}],"nm":"Fill 32","np":2,"cix":2,"bm":0,"ix":1,"mn":"ADBE Vector Group","hd":false}],"ip":0,"op":3600,"st":0,"bm":0,"completed":true},{"ddd":0,"ind":12,"ty":4,"nm":"Shape Layer 15","sr":1,"ks":{"o":{"a":1,"k":[{"i":{"x":[0],"y":[1]},"o":{"x":[0.026],"y":[0.06]},"t":40,"s":[0]},{"t":63,"s":[100]}],"ix":11},"r":{"a":1,"k":[{"i":{"x":[0.194],"y":[1.028]},"o":{"x":[0.067],"y":[1.268]},"t":41,"s":[-10]},{"t":99,"s":[0]}],"ix":10},"p":{"a":0,"k":[490.97,360.535,0],"ix":2},"a":{"a":0,"k":[-1.53,-94.465,0],"ix":1},"s":{"a":0,"k":[100,100,100],"ix":6}},"ao":0,"shapes":[{"ty":"gr","it":[{"ind":0,"ty":"sh","ix":1,"ks":{"a":0,"k":{"i":[[34.284,-193.75],[15.918,-161.564],[45.75,-187.5]],"o":[[34.284,-193.75],[1.9609999999999999,-112.541],[45.75,-187.5]],"v":[[34.284,-193.75],[-1.5,-94.5],[45.75,-187.5]],"c":true},"ix":2},"nm":"Path 1","mn":"ADBE Vector Shape - Group","hd":false},{"ty":"fl","c":{"a":0,"k":[0.851,0.8784,0.902,1],"ix":4},"o":{"a":0,"k":100,"ix":5},"r":1,"bm":0,"nm":"Fill 1","mn":"ADBE Vector Graphic - Fill","hd":false},{"ty":"tr","p":{"a":0,"k":[0,0],"ix":2},"a":{"a":0,"k":[0,0],"ix":1},"s":{"a":0,"k":[101.989,99.963],"ix":3},"r":{"a":0,"k":0,"ix":6},"o":{"a":0,"k":100,"ix":7},"sk":{"a":0,"k":0,"ix":4},"sa":{"a":0,"k":0,"ix":5},"nm":"Transform"}],"nm":"Shape 1","np":3,"cix":2,"bm":0,"ix":1,"mn":"ADBE Vector Group","hd":false}],"ip":0,"op":3600,"st":0,"bm":0,"completed":true},{"ddd":0,"ind":14,"ty":4,"nm":"Page 7","sr":1,"ks":{"o":{"a":1,"k":[{"i":{"x":[0],"y":[1]},"o":{"x":[0.026],"y":[0.06]},"t":46,"s":[0]},{"t":69,"s":[100]}],"ix":11},"r":{"a":1,"k":[{"i":{"x":[0.194],"y":[1.028]},"o":{"x":[0.067],"y":[1.268]},"t":47,"s":[-10]},{"t":105,"s":[0]}],"ix":10},"p":{"a":0,"k":[492.459,373.771,0],"ix":2},"a":{"a":0,"k":[-34.569,50.461,0],"ix":1},"s":{"a":0,"k":[100,100,100],"ix":6}},"ao":0,"shapes":[{"ty":"gr","it":[{"ind":0,"ty":"sh","ix":1,"ks":{"a":0,"k":{"i":[[7.548,-16.61],[10.048,-14.29],[11.748000000000001,-13.31],[9.688,-12.17],[6.257,-9.06],[-3.3529999999999998,1.0699999999999994],[-10.542,13.100000000000001],[-11.322000000000001,17.15],[-5.352,5.27],[4.6370000000000005,-6.6],[9.517,-11.1],[10.918,-12.32],[11.508000000000001,-12.76],[11.947000000000001,-12.569999999999999],[12.407,-13.06],[9.728,-15.85],[7.248,-16.88]],"o":[[8.778,-15.44],[11.447999999999999,-13.15],[11.188,-13.91],[7.708,-10.42],[0.4770000000000003,-3.58],[-8.693,9.53],[-12.342,17.25],[-8.612,10.89],[1.438,-3.4099999999999997],[8.747,-10.399999999999999],[10.607000000000001,-12.059999999999999],[11.347999999999999,-12.67],[11.878,-13.19],[11.447000000000001,-12.83],[10.997,-14.69],[8.218,-17.27],[7.548,-16.61]],"v":[[7.548,-16.61],[11.158,-13],[12.038,-13.46],[9.188,-11.73],[4.827,-7.7],[-6.553,6.14],[-12.132,16.78],[-11.182,16.82],[-1.372,0.18],[7.977,-9.69],[10.307,-11.79],[11.238,-12.58],[11.598,-12.86],[11.227,-12.95],[12.107,-13.41],[8.488,-17.02],[7.548,-16.61]],"c":false},"ix":2},"nm":"Path 1","mn":"ADBE Vector Shape - Group","hd":false},{"ty":"fl","c":{"a":0,"k":[0.6314,0.6784,0.7176,1],"ix":4},"o":{"a":0,"k":100,"ix":5},"r":1,"bm":0,"nm":"Fill 1","mn":"ADBE Vector Graphic - Fill","hd":false},{"ty":"tr","p":{"a":0,"k":[0,0],"ix":2},"a":{"a":0,"k":[0,0],"ix":1},"s":{"a":0,"k":[300,300],"ix":3},"r":{"a":0,"k":0,"ix":6},"o":{"a":0,"k":100,"ix":7},"sk":{"a":0,"k":0,"ix":4},"sa":{"a":0,"k":0,"ix":5},"nm":"Transform"}],"nm":"Fill 28","np":2,"cix":2,"bm":0,"ix":1,"mn":"ADBE Vector Group","hd":false}],"ip":0,"op":3600,"st":0,"bm":0,"completed":true},{"ddd":0,"ind":15,"ty":4,"nm":"Shape Layer 17","sr":1,"ks":{"o":{"a":1,"k":[{"i":{"x":[0],"y":[1]},"o":{"x":[0.026],"y":[0.06]},"t":46,"s":[0]},{"t":69,"s":[100]}],"ix":11},"r":{"a":1,"k":[{"i":{"x":[0.194],"y":[1.028]},"o":{"x":[0.067],"y":[1.268]},"t":47,"s":[-10]},{"t":105,"s":[0]}],"ix":10},"p":{"a":0,"k":[507.867,343.3,0],"ix":2},"a":{"a":0,"k":[15.367,-111.7,0],"ix":1},"s":{"a":0,"k":[100,100,100],"ix":6}},"ao":0,"shapes":[{"ty":"gr","it":[{"ind":0,"ty":"sh","ix":1,"ks":{"a":0,"k":{"i":[[49.5,-177.75],[58.75,-170.25],[36,-152.5]],"o":[[49.5,-177.75],[58.75,-170.25],[19,-135]],"v":[[49.5,-177.75],[58.75,-170.25],[13,-114.5]],"c":true},"ix":2},"nm":"Path 1","mn":"ADBE Vector Shape - Group","hd":false},{"ty":"fl","c":{"a":0,"k":[0.851,0.8784,0.902,1],"ix":4},"o":{"a":0,"k":100,"ix":5},"r":1,"bm":0,"nm":"Fill 1","mn":"ADBE Vector Graphic - Fill","hd":false},{"ty":"tr","p":{"a":0,"k":[0,0],"ix":2},"a":{"a":0,"k":[0,0],"ix":1},"s":{"a":0,"k":[100,100],"ix":3},"r":{"a":0,"k":0,"ix":6},"o":{"a":0,"k":100,"ix":7},"sk":{"a":0,"k":0,"ix":4},"sa":{"a":0,"k":0,"ix":5},"nm":"Transform"}],"nm":"Shape 1","np":3,"cix":2,"bm":0,"ix":1,"mn":"ADBE Vector Group","hd":false}],"ip":0,"op":3600,"st":0,"bm":0,"completed":true}]},{"id":"comp_1","layers":[{"ddd":0,"ind":1,"ty":4,"nm":"Fill 1","sr":1,"ks":{"o":{"a":0,"k":100,"ix":11},"r":{"a":0,"k":0,"ix":10},"p":{"a":0,"k":[157.973,122.959,0],"ix":2},"a":{"a":0,"k":[0,0,0],"ix":1},"s":{"a":0,"k":[100,100,100],"ix":6}},"ao":0,"shapes":[{"ty":"gr","it":[{"ind":0,"ty":"sh","ix":1,"ks":{"a":0,"k":{"i":[[-24.755,40.762],[-23.255,40.382],[-34.185,25.092],[-2.935,26.722],[17.165,29.562],[43.364999999999995,23.532],[52.465,-9.797999999999998],[30.325,-31.287999999999997],[-9.014999999999999,-44.068],[-48.755,-19.118]],"o":[[-22.724999999999998,41.122],[-24.445,36.342],[-9.594999999999999,25.092],[10.415000000000001,29.032],[31.355,29.352],[54.334999999999994,-0.46799999999999997],[40.975,-24.118],[16.225,-37.858],[-40.485,-33.628],[-59.755,23.812000000000005]],"v":[[-24.755,40.762],[-23.845,38.382],[-16.395,25.092],[3.765,27.882],[23.905,29.462],[49.315,10.522],[44.985,-19.118],[24.515,-33.998],[-24.755,-38.848],[-50.005,-14.248]],"c":true},"ix":2},"nm":"Path 1","mn":"ADBE Vector Shape - Group","hd":false,"_render":true},{"ty":"fl","c":{"a":0,"k":[0.94,0.94,0.94,1],"ix":4},"o":{"a":0,"k":100,"ix":5},"r":1,"bm":0,"nm":"Fill 1","mn":"ADBE Vector Graphic - Fill","hd":false,"_render":true},{"ty":"tr","p":{"a":0,"k":[0,0],"ix":2},"a":{"a":0,"k":[0,0],"ix":1},"s":{"a":0,"k":[300,300],"ix":3},"r":{"a":0,"k":0,"ix":6},"o":{"a":0,"k":100,"ix":7},"sk":{"a":0,"k":0,"ix":4},"sa":{"a":0,"k":0,"ix":5},"nm":"Transform","_render":true}],"nm":"Fill 1","np":2,"cix":2,"bm":0,"ix":1,"mn":"ADBE Vector Group","hd":false,"_render":true}],"ip":0,"op":3600,"st":0,"bm":0,"completed":true}]}],"layers":[{"ddd":0,"ind":1,"ty":0,"nm":"Pre-comp 1","refId":"comp_0","sr":1,"ks":{"o":{"a":0,"k":100,"ix":11},"r":{"a":1,"k":[{"i":{"x":[0.511],"y":[1]},"o":{"x":[0.012],"y":[0.399]},"t":52,"s":[-80]},{"t":147,"s":[0]}],"ix":10},"p":{"a":0,"k":[488.737,378.563,0],"ix":2},"a":{"a":0,"k":[488.574,378.572,0],"ix":1},"s":{"a":1,"k":[{"i":{"x":[0.509,0.509,0.667],"y":[1,1,1]},"o":{"x":[0.005,0.005,0.333],"y":[0.874,0.874,0]},"t":65,"s":[0,0,100]},{"t":190,"s":[100,100,100]}],"ix":6}},"ao":0,"w":985,"h":910,"ip":56,"op":3656,"st":56,"bm":0,"completed":true,"layers":[{"ddd":0,"ind":1,"ty":4,"nm":"Shape Layer 16","sr":1,"ks":{"o":{"a":0,"k":100,"ix":11},"r":{"a":0,"k":0,"ix":10},"p":{"a":0,"k":[492.5,455,0],"ix":2},"a":{"a":0,"k":[0,0,0],"ix":1},"s":{"a":0,"k":[100,100,100],"ix":6}},"ao":0,"shapes":[],"ip":0,"op":3600,"st":0,"bm":0,"completed":true},{"ddd":0,"ind":2,"ty":4,"nm":"Shape Layer 14","sr":1,"ks":{"o":{"a":0,"k":100,"ix":11},"r":{"a":0,"k":0,"ix":10},"p":{"a":0,"k":[492.5,455,0],"ix":2},"a":{"a":0,"k":[0,0,0],"ix":1},"s":{"a":0,"k":[100,100,100],"ix":6}},"ao":0,"shapes":[{"ty":"gr","it":[{"ind":0,"ty":"sh","ix":1,"ks":{"a":0,"k":{"i":[[-40.75,-106.75],[-17.5,-96.5]],"o":[[-40.75,-106.75],[-17.5,-96.5]],"v":[[-40.75,-106.75],[-17.5,-96.5]],"c":false},"ix":2},"nm":"Path 1","mn":"ADBE Vector Shape - Group","hd":false},{"ty":"st","c":{"a":0,"k":[0.35,0.35,0.35,1],"ix":3},"o":{"a":0,"k":100,"ix":4},"w":{"a":0,"k":3,"ix":5},"lc":2,"lj":1,"ml":4,"bm":0,"nm":"Stroke 1","mn":"ADBE Vector Graphic - Stroke","hd":false},{"ty":"fl","c":{"a":0,"k":[1,1,1,1],"ix":4},"o":{"a":0,"k":100,"ix":5},"r":1,"bm":0,"nm":"Fill 1","mn":"ADBE Vector Graphic - Fill","hd":false},{"ty":"tr","p":{"a":0,"k":[0,0],"ix":2},"a":{"a":0,"k":[0,0],"ix":1},"s":{"a":0,"k":[100,100],"ix":3},"r":{"a":0,"k":0,"ix":6},"o":{"a":0,"k":100,"ix":7},"sk":{"a":0,"k":0,"ix":4},"sa":{"a":0,"k":0,"ix":5},"nm":"Transform"}],"nm":"Shape 1","np":3,"cix":2,"bm":0,"ix":1,"mn":"ADBE Vector Group","hd":false},{"ty":"tm","s":{"a":0,"k":0,"ix":1},"e":{"a":1,"k":[{"i":{"x":[0],"y":[1]},"o":{"x":[0.075],"y":[0.344]},"t":44,"s":[0]},{"t":70,"s":[100]}],"ix":2},"o":{"a":0,"k":0,"ix":3},"m":1,"ix":2,"nm":"Trim Paths 1","mn":"ADBE Vector Filter - Trim","hd":false}],"ip":0,"op":3600,"st":0,"bm":0,"completed":true},{"ddd":0,"ind":3,"ty":4,"nm":"Shape Layer 13","sr":1,"ks":{"o":{"a":0,"k":100,"ix":11},"r":{"a":0,"k":0,"ix":10},"p":{"a":0,"k":[492.5,455,0],"ix":2},"a":{"a":0,"k":[0,0,0],"ix":1},"s":{"a":0,"k":[100,100,100],"ix":6}},"ao":0,"shapes":[{"ty":"gr","it":[{"ind":0,"ty":"sh","ix":1,"ks":{"a":0,"k":{"i":[[-62.25,-138.25],[-14.5,-118.25]],"o":[[-62.25,-138.25],[-14.5,-118.25]],"v":[[-62.25,-138.25],[-14.5,-118.25]],"c":false},"ix":2},"nm":"Path 1","mn":"ADBE Vector Shape - Group","hd":false},{"ty":"st","c":{"a":0,"k":[0.35,0.35,0.35,1],"ix":3},"o":{"a":0,"k":100,"ix":4},"w":{"a":0,"k":3,"ix":5},"lc":2,"lj":1,"ml":4,"bm":0,"nm":"Stroke 1","mn":"ADBE Vector Graphic - Stroke","hd":false},{"ty":"fl","c":{"a":0,"k":[1,1,1,1],"ix":4},"o":{"a":0,"k":100,"ix":5},"r":1,"bm":0,"nm":"Fill 1","mn":"ADBE Vector Graphic - Fill","hd":false},{"ty":"tr","p":{"a":0,"k":[0,0],"ix":2},"a":{"a":0,"k":[0,0],"ix":1},"s":{"a":0,"k":[100,100],"ix":3},"r":{"a":0,"k":0,"ix":6},"o":{"a":0,"k":100,"ix":7},"sk":{"a":0,"k":0,"ix":4},"sa":{"a":0,"k":0,"ix":5},"nm":"Transform"}],"nm":"Shape 1","np":3,"cix":2,"bm":0,"ix":1,"mn":"ADBE Vector Group","hd":false},{"ty":"tm","s":{"a":0,"k":0,"ix":1},"e":{"a":1,"k":[{"i":{"x":[0],"y":[1]},"o":{"x":[0.075],"y":[0.344]},"t":41,"s":[0]},{"t":67,"s":[100]}],"ix":2},"o":{"a":0,"k":0,"ix":3},"m":1,"ix":2,"nm":"Trim Paths 1","mn":"ADBE Vector Filter - Trim","hd":false}],"ip":0,"op":3600,"st":0,"bm":0,"completed":true},{"ddd":0,"ind":4,"ty":4,"nm":"Shape Layer 12","sr":1,"ks":{"o":{"a":0,"k":100,"ix":11},"r":{"a":0,"k":0,"ix":10},"p":{"a":0,"k":[492.5,455,0],"ix":2},"a":{"a":0,"k":[0,0,0],"ix":1},"s":{"a":0,"k":[100,100,100],"ix":6}},"ao":0,"shapes":[{"ty":"gr","it":[{"ind":0,"ty":"sh","ix":1,"ks":{"a":0,"k":{"i":[[-58.5,-154.5],[-9.75,-133]],"o":[[-58.5,-154.5],[-9.75,-133]],"v":[[-58.5,-154.5],[-9.75,-133]],"c":false},"ix":2},"nm":"Path 1","mn":"ADBE Vector Shape - Group","hd":false},{"ty":"st","c":{"a":0,"k":[0.35,0.35,0.35,1],"ix":3},"o":{"a":0,"k":100,"ix":4},"w":{"a":0,"k":3,"ix":5},"lc":2,"lj":1,"ml":4,"bm":0,"nm":"Stroke 1","mn":"ADBE Vector Graphic - Stroke","hd":false},{"ty":"fl","c":{"a":0,"k":[1,1,1,1],"ix":4},"o":{"a":0,"k":100,"ix":5},"r":1,"bm":0,"nm":"Fill 1","mn":"ADBE Vector Graphic - Fill","hd":false},{"ty":"tr","p":{"a":0,"k":[0,0],"ix":2},"a":{"a":0,"k":[0,0],"ix":1},"s":{"a":0,"k":[100,100],"ix":3},"r":{"a":0,"k":0,"ix":6},"o":{"a":0,"k":100,"ix":7},"sk":{"a":0,"k":0,"ix":4},"sa":{"a":0,"k":0,"ix":5},"nm":"Transform"}],"nm":"Shape 1","np":3,"cix":2,"bm":0,"ix":1,"mn":"ADBE Vector Group","hd":false},{"ty":"tm","s":{"a":0,"k":0,"ix":1},"e":{"a":1,"k":[{"i":{"x":[0],"y":[1]},"o":{"x":[0.075],"y":[0.344]},"t":38,"s":[0]},{"t":64,"s":[100]}],"ix":2},"o":{"a":0,"k":0,"ix":3},"m":1,"ix":2,"nm":"Trim Paths 1","mn":"ADBE Vector Filter - Trim","hd":false}],"ip":0,"op":3600,"st":0,"bm":0,"completed":true},{"ddd":0,"ind":5,"ty":4,"nm":"Shape Layer 11","sr":1,"ks":{"o":{"a":0,"k":100,"ix":11},"r":{"a":0,"k":0,"ix":10},"p":{"a":0,"k":[492.5,455,0],"ix":2},"a":{"a":0,"k":[0,0,0],"ix":1},"s":{"a":0,"k":[100,100,100],"ix":6}},"ao":0,"shapes":[{"ty":"gr","it":[{"ind":0,"ty":"sh","ix":1,"ks":{"a":0,"k":{"i":[[-54.25,-171],[-5.75,-150.25]],"o":[[-54.25,-171],[-5.75,-150.25]],"v":[[-54.25,-171],[-5.75,-150.25]],"c":false},"ix":2},"nm":"Path 1","mn":"ADBE Vector Shape - Group","hd":false},{"ty":"st","c":{"a":0,"k":[0.35,0.35,0.35,1],"ix":3},"o":{"a":0,"k":100,"ix":4},"w":{"a":0,"k":3,"ix":5},"lc":2,"lj":1,"ml":4,"bm":0,"nm":"Stroke 1","mn":"ADBE Vector Graphic - Stroke","hd":false},{"ty":"fl","c":{"a":0,"k":[1,1,1,1],"ix":4},"o":{"a":0,"k":100,"ix":5},"r":1,"bm":0,"nm":"Fill 1","mn":"ADBE Vector Graphic - Fill","hd":false},{"ty":"tr","p":{"a":0,"k":[0,0],"ix":2},"a":{"a":0,"k":[0,0],"ix":1},"s":{"a":0,"k":[100,100],"ix":3},"r":{"a":0,"k":0,"ix":6},"o":{"a":0,"k":100,"ix":7},"sk":{"a":0,"k":0,"ix":4},"sa":{"a":0,"k":0,"ix":5},"nm":"Transform"}],"nm":"Shape 1","np":3,"cix":2,"bm":0,"ix":1,"mn":"ADBE Vector Group","hd":false},{"ty":"tm","s":{"a":0,"k":0,"ix":1},"e":{"a":1,"k":[{"i":{"x":[0],"y":[1]},"o":{"x":[0.075],"y":[0.344]},"t":37,"s":[0]},{"t":63,"s":[100]}],"ix":2},"o":{"a":0,"k":0,"ix":3},"m":1,"ix":2,"nm":"Trim Paths 1","mn":"ADBE Vector Filter - Trim","hd":false}],"ip":0,"op":3600,"st":0,"bm":0,"completed":true},{"ddd":0,"ind":6,"ty":4,"nm":"Shape Layer 10","sr":1,"ks":{"o":{"a":0,"k":100,"ix":11},"r":{"a":0,"k":0,"ix":10},"p":{"a":0,"k":[492.5,455,0],"ix":2},"a":{"a":0,"k":[0,0,0],"ix":1},"s":{"a":0,"k":[100,100,100],"ix":6}},"ao":0,"shapes":[{"ty":"gr","it":[{"ind":0,"ty":"sh","ix":1,"ks":{"a":0,"k":{"i":[[-46.5,-185.5],[2.75,-165.25]],"o":[[-46.5,-185.5],[2.75,-165.25]],"v":[[-46.5,-185.5],[2.75,-165.25]],"c":false},"ix":2},"nm":"Path 1","mn":"ADBE Vector Shape - Group","hd":false},{"ty":"st","c":{"a":0,"k":[0.35,0.35,0.35,1],"ix":3},"o":{"a":0,"k":100,"ix":4},"w":{"a":0,"k":3,"ix":5},"lc":2,"lj":1,"ml":4,"bm":0,"nm":"Stroke 1","mn":"ADBE Vector Graphic - Stroke","hd":false},{"ty":"fl","c":{"a":0,"k":[1,1,1,1],"ix":4},"o":{"a":0,"k":100,"ix":5},"r":1,"bm":0,"nm":"Fill 1","mn":"ADBE Vector Graphic - Fill","hd":false},{"ty":"tr","p":{"a":0,"k":[0,0],"ix":2},"a":{"a":0,"k":[0,0],"ix":1},"s":{"a":0,"k":[100,100],"ix":3},"r":{"a":0,"k":0,"ix":6},"o":{"a":0,"k":100,"ix":7},"sk":{"a":0,"k":0,"ix":4},"sa":{"a":0,"k":0,"ix":5},"nm":"Transform"}],"nm":"Shape 1","np":3,"cix":2,"bm":0,"ix":1,"mn":"ADBE Vector Group","hd":false},{"ty":"tm","s":{"a":0,"k":0,"ix":1},"e":{"a":1,"k":[{"i":{"x":[0],"y":[1]},"o":{"x":[0.075],"y":[0.344]},"t":34,"s":[0]},{"t":60,"s":[100]}],"ix":2},"o":{"a":0,"k":0,"ix":3},"m":1,"ix":2,"nm":"Trim Paths 1","mn":"ADBE Vector Filter - Trim","hd":false}],"ip":0,"op":3600,"st":0,"bm":0,"completed":true},{"ddd":0,"ind":7,"ty":4,"nm":"Shape Layer 9","sr":1,"ks":{"o":{"a":0,"k":100,"ix":11},"r":{"a":0,"k":0,"ix":10},"p":{"a":0,"k":[492.5,455,0],"ix":2},"a":{"a":0,"k":[0,0,0],"ix":1},"s":{"a":0,"k":[100,100,100],"ix":6}},"ao":0,"shapes":[{"ty":"gr","it":[{"ind":0,"ty":"sh","ix":1,"ks":{"a":0,"k":{"i":[[-1.25,-183],[-2.848,-185.636],[-2.565,-194.165],[5.003,-199.425],[17.442,-196.847],[12.25,-178.75]],"o":[[-1.25,-183],[-3.393,-191.27599999999998],[1.485,-197.764],[12.925,-199.246],[21,-184.75],[3.266,-180.354]],"v":[[-1.25,-183],[-3.143,-188.688],[-0.5,-196],[8.497,-199.346],[18.5,-193.25],[5.25,-180]],"c":false},"ix":2},"nm":"Path 1","mn":"ADBE Vector Shape - Group","hd":false},{"ty":"st","c":{"a":0,"k":[0.35,0.35,0.35,1],"ix":3},"o":{"a":0,"k":100,"ix":4},"w":{"a":0,"k":3,"ix":5},"lc":2,"lj":1,"ml":4,"bm":0,"nm":"Stroke 1","mn":"ADBE Vector Graphic - Stroke","hd":false},{"ty":"fl","c":{"a":0,"k":[1,1,1,1],"ix":4},"o":{"a":0,"k":100,"ix":5},"r":1,"bm":0,"nm":"Fill 1","mn":"ADBE Vector Graphic - Fill","hd":false},{"ty":"tr","p":{"a":0,"k":[0,0],"ix":2},"a":{"a":0,"k":[0,0],"ix":1},"s":{"a":0,"k":[100,100],"ix":3},"r":{"a":0,"k":0,"ix":6},"o":{"a":0,"k":100,"ix":7},"sk":{"a":0,"k":0,"ix":4},"sa":{"a":0,"k":0,"ix":5},"nm":"Transform"}],"nm":"Shape 1","np":3,"cix":2,"bm":0,"ix":1,"mn":"ADBE Vector Group","hd":false},{"ty":"tm","s":{"a":0,"k":0,"ix":1},"e":{"a":1,"k":[{"i":{"x":[0],"y":[1]},"o":{"x":[0.075],"y":[0.344]},"t":38,"s":[0]},{"t":64,"s":[100]}],"ix":2},"o":{"a":0,"k":0,"ix":3},"m":1,"ix":2,"nm":"Trim Paths 1","mn":"ADBE Vector Filter - Trim","hd":false}],"ip":0,"op":3600,"st":0,"bm":0,"completed":true},{"ddd":0,"ind":8,"ty":4,"nm":"Shape Layer 8","sr":1,"ks":{"o":{"a":0,"k":100,"ix":11},"r":{"a":0,"k":0,"ix":10},"p":{"a":0,"k":[492.5,455,0],"ix":2},"a":{"a":0,"k":[0,0,0],"ix":1},"s":{"a":0,"k":[100,100,100],"ix":6}},"ao":0,"shapes":[{"ty":"gr","it":[{"ind":0,"ty":"sh","ix":1,"ks":{"a":0,"k":{"i":[[-32.75,-207],[-15.75,-200.5]],"o":[[-32.75,-207],[-15.75,-200.5]],"v":[[-32.75,-207],[-15.75,-200.5]],"c":false},"ix":2},"nm":"Path 1","mn":"ADBE Vector Shape - Group","hd":false},{"ty":"st","c":{"a":0,"k":[0.35,0.35,0.35,1],"ix":3},"o":{"a":0,"k":100,"ix":4},"w":{"a":0,"k":3,"ix":5},"lc":2,"lj":1,"ml":4,"bm":0,"nm":"Stroke 1","mn":"ADBE Vector Graphic - Stroke","hd":false},{"ty":"fl","c":{"a":0,"k":[1,1,1,1],"ix":4},"o":{"a":0,"k":100,"ix":5},"r":1,"bm":0,"nm":"Fill 1","mn":"ADBE Vector Graphic - Fill","hd":false},{"ty":"tr","p":{"a":0,"k":[0,0],"ix":2},"a":{"a":0,"k":[0,0],"ix":1},"s":{"a":0,"k":[100,100],"ix":3},"r":{"a":0,"k":0,"ix":6},"o":{"a":0,"k":100,"ix":7},"sk":{"a":0,"k":0,"ix":4},"sa":{"a":0,"k":0,"ix":5},"nm":"Transform"}],"nm":"Shape 1","np":3,"cix":2,"bm":0,"ix":1,"mn":"ADBE Vector Group","hd":false},{"ty":"tm","s":{"a":0,"k":0,"ix":1},"e":{"a":1,"k":[{"i":{"x":[0],"y":[1]},"o":{"x":[0.075],"y":[0.344]},"t":32,"s":[0]},{"t":58,"s":[100]}],"ix":2},"o":{"a":0,"k":0,"ix":3},"m":1,"ix":2,"nm":"Trim Paths 1","mn":"ADBE Vector Filter - Trim","hd":false}],"ip":0,"op":3600,"st":0,"bm":0,"completed":true},{"ddd":0,"ind":9,"ty":4,"nm":"Page","sr":1,"ks":{"o":{"a":0,"k":100,"ix":11},"r":{"a":0,"k":0,"ix":10},"p":{"a":0,"k":[471.356,299.63,0],"ix":2},"a":{"a":0,"k":[0,0,0],"ix":1},"s":{"a":0,"k":[100,100,100],"ix":6}},"ao":0,"shapes":[{"ty":"gr","it":[{"ind":0,"ty":"sh","ix":1,"ks":{"a":0,"k":{"i":[[10.354,5.075],[5.714,19.465],[4.5040000000000004,26.595000000000002],[-8.245999999999999,20.435],[-16.825999999999997,17.134999999999998],[-19.555999999999997,16.215],[-19.666,14.754999999999999],[-19.576,13.555],[-19.366,11.345],[-18.776,7.055000000000001],[-12.916,-13.954999999999998],[-5.3759999999999994,-25.345],[-4.746,-26.555],[9.744,-20.315],[18.694,-16.975],[19.724,-16.845000000000002],[18.934,-14.975],[15.994,-8.495000000000001],[11.654,1.4650000000000003],[11.254000000000001,5.265],[17.433999999999997,-9.715],[20.724,-17.025000000000002],[3.614,-22.675],[-4.926,-26.935000000000002],[-11.446,-17.545],[-17.986,-1.705],[-20.386,10.885],[-21.076,16.055000000000003],[-18.366,17.325],[-3.116,23.765],[4.834,26.974999999999998],[8.814,12.055],[10.463999999999999,4.745]],"o":[[7.793999999999999,12.195],[4.194,26.695],[-1.726,23.545],[-15.886,17.505],[-18.296,16.535],[-19.826,15.325],[-19.605999999999998,13.985],[-19.456000000000003,12.235],[-19.046,8.754999999999999],[-16.605999999999998,-4.424999999999999],[-6.426,-23.805],[-4.4559999999999995,-26.635],[1.9539999999999997,-22.655],[17.954,-17.295],[19.824,-16.595000000000002],[19.433999999999997,-15.735000000000001],[17.294,-11.385],[13.184000000000001,-2.065],[10.234,5.3950000000000005],[14.064,-2.495],[20.804,-16.945],[12.384000000000002,-20.305],[-4.486,-27.105],[-8.716,-22.635],[-16.146,-7.305],[-19.896,7.4350000000000005],[-20.726,15.375],[-19.285999999999998,16.985000000000003],[-10.216000000000001,20.544999999999998],[4.234,27.085],[6.734,19.325],[11.484,4.614999999999999],[10.354,5.075]],"v":[[10.354,5.075],[3.894,26.805],[4.814,26.495],[-14.936,17.865],[-17.766,16.755],[-19.726,15.665],[-19.636,14.405],[-19.536,13.135],[-19.256,10.465],[-18.456,5.355],[-7.426,-22.275],[-4.156,-26.715],[-5.046,-26.475],[17.204,-17.565],[19.454,-16.725],[19.624,-16.475],[18.614,-14.275],[14.724,-5.585],[10.354,5.075],[11.374,4.935],[20.764,-16.875],[20.664,-17.045],[-4.226,-26.965],[-5.106,-26.725],[-13.706,-12.625],[-19.186,4.025],[-20.646,14.355],[-20.136,16.545],[-17.466,17.685],[3.994,26.975],[4.914,26.665],[11.374,4.935],[10.354,5.075]],"c":false},"ix":2},"nm":"Path 1","mn":"ADBE Vector Shape - Group","hd":false},{"ty":"fl","c":{"a":0,"k":[0.6314,0.6784,0.7176,1],"ix":4},"o":{"a":0,"k":100,"ix":5},"r":1,"bm":0,"nm":"Fill 1","mn":"ADBE Vector Graphic - Fill","hd":false},{"ty":"tr","p":{"a":0,"k":[0,0],"ix":2},"a":{"a":0,"k":[0,0],"ix":1},"s":{"a":0,"k":[300,300],"ix":3},"r":{"a":0,"k":0,"ix":6},"o":{"a":0,"k":100,"ix":7},"sk":{"a":0,"k":0,"ix":4},"sa":{"a":0,"k":0,"ix":5},"nm":"Transform"}],"nm":"Fill 50","np":2,"cix":2,"bm":0,"ix":1,"mn":"ADBE Vector Group","hd":false},{"ty":"st","c":{"a":0,"k":[1,1,1,1],"ix":3},"o":{"a":0,"k":100,"ix":4},"w":{"a":0,"k":2,"ix":5},"lc":1,"lj":1,"ml":4,"bm":0,"nm":"Stroke 1","mn":"ADBE Vector Graphic - Stroke","hd":false}],"ip":0,"op":3600,"st":0,"bm":0,"completed":true},{"ddd":0,"ind":10,"ty":4,"nm":"Shape Layer 7","sr":1,"ks":{"o":{"a":0,"k":100,"ix":11},"r":{"a":0,"k":0,"ix":10},"p":{"a":0,"k":[412.178,346.625,0],"ix":2},"a":{"a":0,"k":[-80.322,-108.375,0],"ix":1},"s":{"a":0,"k":[100,100,100],"ix":6}},"ao":0,"shapes":[{"ty":"gr","it":[{"ind":0,"ty":"sh","ix":1,"ks":{"a":0,"k":{"i":[[-25,-229],[-83.5,-141.5],[-8.5,-75.5],[1.5,-130]],"o":[[-61.5,-210.5],[-58.5,-97.5],[-8.5,-75.5],[2.5,-219.5]],"v":[[-33,-235.5],[-81,-108],[-8.5,-75.5],[40,-206]],"c":true},"ix":2},"nm":"Path 1","mn":"ADBE Vector Shape - Group","hd":false},{"ty":"st","c":{"a":0,"k":[0.6314,0.6784,0.7176,1],"ix":3},"o":{"a":0,"k":100,"ix":4},"w":{"a":0,"k":2,"ix":5},"lc":1,"lj":1,"ml":4,"bm":0,"nm":"Stroke 1","mn":"ADBE Vector Graphic - Stroke","hd":false},{"ty":"fl","c":{"a":0,"k":[1,1,1,1],"ix":4},"o":{"a":0,"k":100,"ix":5},"r":1,"bm":0,"nm":"Fill 1","mn":"ADBE Vector Graphic - Fill","hd":false},{"ty":"tr","p":{"a":0,"k":[0,0],"ix":2},"a":{"a":0,"k":[0,0],"ix":1},"s":{"a":0,"k":[100,100],"ix":3},"r":{"a":0,"k":0,"ix":6},"o":{"a":0,"k":100,"ix":7},"sk":{"a":0,"k":0,"ix":4},"sa":{"a":0,"k":0,"ix":5},"nm":"Transform"}],"nm":"Shape 1","np":3,"cix":2,"bm":0,"ix":1,"mn":"ADBE Vector Group","hd":false}],"ip":0,"op":3600,"st":0,"bm":0,"completed":true},{"ddd":0,"ind":11,"ty":4,"nm":"Page 6","sr":1,"ks":{"o":{"a":1,"k":[{"i":{"x":[0],"y":[1]},"o":{"x":[0.026],"y":[0.06]},"t":40,"s":[0]},{"t":63,"s":[100]}],"ix":11},"r":{"a":1,"k":[{"i":{"x":[0.194],"y":[1.028]},"o":{"x":[0.067],"y":[1.268]},"t":41,"s":[-10]},{"t":99,"s":[0]}],"ix":10},"p":{"a":0,"k":[493.663,378.251,0],"ix":2},"a":{"a":0,"k":[-25.808,62.423,0],"ix":1},"s":{"a":0,"k":[100,100,100],"ix":6}},"ao":0,"shapes":[{"ty":"gr","it":[{"ind":0,"ty":"sh","ix":1,"ks":{"a":0,"k":{"i":[[4.827,-20.462],[8.197,-18.212],[10.267,-17.422],[9.437,-17.241999999999997],[7.737,-15.062],[4.147,-9.962],[-5.123,6.838],[-8.973,18.718],[-8.992999999999999,20.528],[-9.443000000000001,20.048],[-11.093,20.168],[-9.863000000000001,20.838],[-8.703,21.137999999999998],[-5.6530000000000005,11.518],[2.5470000000000006,-6.061999999999999],[8.017,-13.972],[9.397,-15.841999999999999],[10.027000000000001,-16.592],[10.497,-16.762],[11.077,-17.232],[7.307,-19.942],[4.3469999999999995,-20.772]],"o":[[6.5169999999999995,-19.352],[10.047,-17.212],[9.907,-17.832],[8.376999999999999,-15.991999999999999],[5.606999999999999,-12.072],[-1.7329999999999997,-0.7519999999999998],[-8.393,16.738],[-9.293000000000001,20.608],[-9.072999999999999,20.248],[-10.193000000000001,19.637999999999998],[-10.223,20.637999999999998],[-9.243,21.178],[-7.173,16.137999999999998],[-1.153,0.17799999999999994],[7.347,-13.012],[9.046999999999999,-15.372],[9.876999999999999,-16.451999999999998],[10.427,-17.162],[10.237,-16.842000000000002],[8.977,-18.802],[5.237,-21.291999999999998],[4.827,-20.462]],"v":[[4.827,-20.462],[9.817,-17.002],[10.497,-17.632],[9.107,-16.842],[7.087,-14.152],[2.777,-7.802],[-7.743,14.778],[-9.583,20.688],[-8.703,20.448],[-9.813,19.848],[-10.593,20.438],[-9.483,21.038],[-8.603,20.808],[-3.843,6.978],[6.687,-12.052],[8.697,-14.902],[9.757,-16.302],[10.137,-16.752],[9.907,-16.952],[10.597,-17.592],[5.617,-21.052],[4.827,-20.462]],"c":false},"ix":2},"nm":"Path 1","mn":"ADBE Vector Shape - Group","hd":false},{"ty":"fl","c":{"a":0,"k":[0.6314,0.6784,0.7176,1],"ix":4},"o":{"a":0,"k":100,"ix":5},"r":1,"bm":0,"nm":"Fill 1","mn":"ADBE Vector Graphic - Fill","hd":false},{"ty":"tr","p":{"a":0,"k":[0,0],"ix":2},"a":{"a":0,"k":[0,0],"ix":1},"s":{"a":0,"k":[300,300],"ix":3},"r":{"a":0,"k":0,"ix":6},"o":{"a":0,"k":100,"ix":7},"sk":{"a":0,"k":0,"ix":4},"sa":{"a":0,"k":0,"ix":5},"nm":"Transform"}],"nm":"Fill 32","np":2,"cix":2,"bm":0,"ix":1,"mn":"ADBE Vector Group","hd":false}],"ip":0,"op":3600,"st":0,"bm":0,"completed":true},{"ddd":0,"ind":12,"ty":4,"nm":"Shape Layer 15","sr":1,"ks":{"o":{"a":1,"k":[{"i":{"x":[0],"y":[1]},"o":{"x":[0.026],"y":[0.06]},"t":40,"s":[0]},{"t":63,"s":[100]}],"ix":11},"r":{"a":1,"k":[{"i":{"x":[0.194],"y":[1.028]},"o":{"x":[0.067],"y":[1.268]},"t":41,"s":[-10]},{"t":99,"s":[0]}],"ix":10},"p":{"a":0,"k":[490.97,360.535,0],"ix":2},"a":{"a":0,"k":[-1.53,-94.465,0],"ix":1},"s":{"a":0,"k":[100,100,100],"ix":6}},"ao":0,"shapes":[{"ty":"gr","it":[{"ind":0,"ty":"sh","ix":1,"ks":{"a":0,"k":{"i":[[34.284,-193.75],[15.918,-161.564],[45.75,-187.5]],"o":[[34.284,-193.75],[1.9609999999999999,-112.541],[45.75,-187.5]],"v":[[34.284,-193.75],[-1.5,-94.5],[45.75,-187.5]],"c":true},"ix":2},"nm":"Path 1","mn":"ADBE Vector Shape - Group","hd":false},{"ty":"fl","c":{"a":0,"k":[0.851,0.8784,0.902,1],"ix":4},"o":{"a":0,"k":100,"ix":5},"r":1,"bm":0,"nm":"Fill 1","mn":"ADBE Vector Graphic - Fill","hd":false},{"ty":"tr","p":{"a":0,"k":[0,0],"ix":2},"a":{"a":0,"k":[0,0],"ix":1},"s":{"a":0,"k":[101.989,99.963],"ix":3},"r":{"a":0,"k":0,"ix":6},"o":{"a":0,"k":100,"ix":7},"sk":{"a":0,"k":0,"ix":4},"sa":{"a":0,"k":0,"ix":5},"nm":"Transform"}],"nm":"Shape 1","np":3,"cix":2,"bm":0,"ix":1,"mn":"ADBE Vector Group","hd":false}],"ip":0,"op":3600,"st":0,"bm":0,"completed":true},{"ddd":0,"ind":14,"ty":4,"nm":"Page 7","sr":1,"ks":{"o":{"a":1,"k":[{"i":{"x":[0],"y":[1]},"o":{"x":[0.026],"y":[0.06]},"t":46,"s":[0]},{"t":69,"s":[100]}],"ix":11},"r":{"a":1,"k":[{"i":{"x":[0.194],"y":[1.028]},"o":{"x":[0.067],"y":[1.268]},"t":47,"s":[-10]},{"t":105,"s":[0]}],"ix":10},"p":{"a":0,"k":[492.459,373.771,0],"ix":2},"a":{"a":0,"k":[-34.569,50.461,0],"ix":1},"s":{"a":0,"k":[100,100,100],"ix":6}},"ao":0,"shapes":[{"ty":"gr","it":[{"ind":0,"ty":"sh","ix":1,"ks":{"a":0,"k":{"i":[[7.548,-16.61],[10.048,-14.29],[11.748000000000001,-13.31],[9.688,-12.17],[6.257,-9.06],[-3.3529999999999998,1.0699999999999994],[-10.542,13.100000000000001],[-11.322000000000001,17.15],[-5.352,5.27],[4.6370000000000005,-6.6],[9.517,-11.1],[10.918,-12.32],[11.508000000000001,-12.76],[11.947000000000001,-12.569999999999999],[12.407,-13.06],[9.728,-15.85],[7.248,-16.88]],"o":[[8.778,-15.44],[11.447999999999999,-13.15],[11.188,-13.91],[7.708,-10.42],[0.4770000000000003,-3.58],[-8.693,9.53],[-12.342,17.25],[-8.612,10.89],[1.438,-3.4099999999999997],[8.747,-10.399999999999999],[10.607000000000001,-12.059999999999999],[11.347999999999999,-12.67],[11.878,-13.19],[11.447000000000001,-12.83],[10.997,-14.69],[8.218,-17.27],[7.548,-16.61]],"v":[[7.548,-16.61],[11.158,-13],[12.038,-13.46],[9.188,-11.73],[4.827,-7.7],[-6.553,6.14],[-12.132,16.78],[-11.182,16.82],[-1.372,0.18],[7.977,-9.69],[10.307,-11.79],[11.238,-12.58],[11.598,-12.86],[11.227,-12.95],[12.107,-13.41],[8.488,-17.02],[7.548,-16.61]],"c":false},"ix":2},"nm":"Path 1","mn":"ADBE Vector Shape - Group","hd":false},{"ty":"fl","c":{"a":0,"k":[0.6314,0.6784,0.7176,1],"ix":4},"o":{"a":0,"k":100,"ix":5},"r":1,"bm":0,"nm":"Fill 1","mn":"ADBE Vector Graphic - Fill","hd":false},{"ty":"tr","p":{"a":0,"k":[0,0],"ix":2},"a":{"a":0,"k":[0,0],"ix":1},"s":{"a":0,"k":[300,300],"ix":3},"r":{"a":0,"k":0,"ix":6},"o":{"a":0,"k":100,"ix":7},"sk":{"a":0,"k":0,"ix":4},"sa":{"a":0,"k":0,"ix":5},"nm":"Transform"}],"nm":"Fill 28","np":2,"cix":2,"bm":0,"ix":1,"mn":"ADBE Vector Group","hd":false}],"ip":0,"op":3600,"st":0,"bm":0,"completed":true},{"ddd":0,"ind":15,"ty":4,"nm":"Shape Layer 17","sr":1,"ks":{"o":{"a":1,"k":[{"i":{"x":[0],"y":[1]},"o":{"x":[0.026],"y":[0.06]},"t":46,"s":[0]},{"t":69,"s":[100]}],"ix":11},"r":{"a":1,"k":[{"i":{"x":[0.194],"y":[1.028]},"o":{"x":[0.067],"y":[1.268]},"t":47,"s":[-10]},{"t":105,"s":[0]}],"ix":10},"p":{"a":0,"k":[507.867,343.3,0],"ix":2},"a":{"a":0,"k":[15.367,-111.7,0],"ix":1},"s":{"a":0,"k":[100,100,100],"ix":6}},"ao":0,"shapes":[{"ty":"gr","it":[{"ind":0,"ty":"sh","ix":1,"ks":{"a":0,"k":{"i":[[49.5,-177.75],[58.75,-170.25],[36,-152.5]],"o":[[49.5,-177.75],[58.75,-170.25],[19,-135]],"v":[[49.5,-177.75],[58.75,-170.25],[13,-114.5]],"c":true},"ix":2},"nm":"Path 1","mn":"ADBE Vector Shape - Group","hd":false},{"ty":"fl","c":{"a":0,"k":[0.851,0.8784,0.902,1],"ix":4},"o":{"a":0,"k":100,"ix":5},"r":1,"bm":0,"nm":"Fill 1","mn":"ADBE Vector Graphic - Fill","hd":false},{"ty":"tr","p":{"a":0,"k":[0,0],"ix":2},"a":{"a":0,"k":[0,0],"ix":1},"s":{"a":0,"k":[100,100],"ix":3},"r":{"a":0,"k":0,"ix":6},"o":{"a":0,"k":100,"ix":7},"sk":{"a":0,"k":0,"ix":4},"sa":{"a":0,"k":0,"ix":5},"nm":"Transform"}],"nm":"Shape 1","np":3,"cix":2,"bm":0,"ix":1,"mn":"ADBE Vector Group","hd":false}],"ip":0,"op":3600,"st":0,"bm":0,"completed":true}]},{"ddd":0,"ind":2,"ty":4,"nm":"Shape Layer 6","sr":1,"ks":{"o":{"a":0,"k":100,"ix":11},"r":{"a":0,"k":0,"ix":10},"p":{"a":0,"k":[485.213,615.857,0],"ix":2},"a":{"a":0,"k":[-5.5,168.211,0],"ix":1},"s":{"a":1,"k":[{"i":{"x":[0.325,0.325,0.667],"y":[0.995,0.995,1]},"o":{"x":[0.333,0.333,0.333],"y":[0,0,0]},"t":58,"s":[100,100,100]},{"i":{"x":[0.349,0.349,0.667],"y":[0.741,0.741,1]},"o":{"x":[0.693,0.693,0.333],"y":[0.018,0.018,0]},"t":98,"s":[138.645,138.645,100]},{"i":{"x":[0.568,0.568,0.667],"y":[2.815,2.815,1]},"o":{"x":[0.385,0.385,0.333],"y":[2.381,2.381,0]},"t":137,"s":[96,96,100]},{"i":{"x":[0.624,0.624,0.667],"y":[0.963,0.963,1]},"o":{"x":[0.468,0.468,0.333],"y":[0.158,0.158,0]},"t":180,"s":[95,95,100]},{"i":{"x":[0.541,0.541,0.667],"y":[0.506,0.506,1]},"o":{"x":[0.468,0.468,0.333],"y":[-0.017,-0.017,0]},"t":230,"s":[120,120,100]},{"i":{"x":[0.459,0.459,0.667],"y":[1.04,1.04,1]},"o":{"x":[0.36,0.36,0.333],"y":[0.613,0.613,0]},"t":293,"s":[100,100,100]},{"i":{"x":[0.727,0.727,0.667],"y":[0.551,0.551,1]},"o":{"x":[0.45,0.45,0.333],"y":[0.035,0.035,0]},"t":318,"s":[96,96,100]},{"i":{"x":[0.638,0.638,0.667],"y":[1.012,1.012,1]},"o":{"x":[0.349,0.349,0.333],"y":[0.533,0.533,0]},"t":360,"s":[120,120,100]},{"i":{"x":[0.437,0.437,0.667],"y":[0.5,0.5,1]},"o":{"x":[0.657,0.657,0.333],"y":[0.057,0.057,0]},"t":383,"s":[134,134,100]},{"t":402,"s":[114,114,100]}],"ix":6}},"ao":0,"shapes":[{"ty":"gr","it":[{"d":1,"ty":"el","s":{"a":0,"k":[14.774,21.711],"ix":2},"p":{"a":0,"k":[0,0],"ix":3},"nm":"Ellipse Path 1","mn":"ADBE Vector Shape - Ellipse","hd":false},{"ty":"fl","c":{"a":0,"k":[0.62,0.8227,1,1],"ix":4},"o":{"a":0,"k":100,"ix":5},"r":1,"bm":0,"nm":"Fill 1","mn":"ADBE Vector Graphic - Fill","hd":false},{"ty":"tr","p":{"a":0,"k":[1.887,157.355],"ix":2},"a":{"a":0,"k":[0,0],"ix":1},"s":{"a":0,"k":[100,100],"ix":3},"r":{"a":0,"k":0,"ix":6},"o":{"a":0,"k":100,"ix":7},"sk":{"a":0,"k":0,"ix":4},"sa":{"a":0,"k":0,"ix":5},"nm":"Transform"}],"nm":"Ellipse 1","np":3,"cix":2,"bm":0,"ix":1,"mn":"ADBE Vector Group","hd":false}],"ip":53,"op":3653,"st":53,"bm":0,"completed":true},{"ddd":0,"ind":3,"ty":4,"nm":"Shape Layer 5","sr":1,"ks":{"o":{"a":0,"k":100,"ix":11},"r":{"a":0,"k":0,"ix":10},"p":{"a":0,"k":[372.523,613.982,0],"ix":2},"a":{"a":0,"k":[9.274,168.211,0],"ix":1},"s":{"a":1,"k":[{"i":{"x":[0.325,0.325,0.667],"y":[0.995,0.995,1]},"o":{"x":[0.333,0.333,0.333],"y":[0,0,0]},"t":58,"s":[100,100,100]},{"i":{"x":[0.349,0.349,0.667],"y":[0.741,0.741,1]},"o":{"x":[0.693,0.693,0.333],"y":[0.018,0.018,0]},"t":98,"s":[138.645,138.645,100]},{"i":{"x":[0.568,0.568,0.667],"y":[2.815,2.815,1]},"o":{"x":[0.385,0.385,0.333],"y":[2.381,2.381,0]},"t":137,"s":[96,96,100]},{"i":{"x":[0.624,0.624,0.667],"y":[0.963,0.963,1]},"o":{"x":[0.468,0.468,0.333],"y":[0.158,0.158,0]},"t":180,"s":[95,95,100]},{"i":{"x":[0.541,0.541,0.667],"y":[0.506,0.506,1]},"o":{"x":[0.468,0.468,0.333],"y":[-0.017,-0.017,0]},"t":230,"s":[120,120,100]},{"i":{"x":[0.459,0.459,0.667],"y":[1.04,1.04,1]},"o":{"x":[0.36,0.36,0.333],"y":[0.613,0.613,0]},"t":293,"s":[100,100,100]},{"i":{"x":[0.727,0.727,0.667],"y":[0.551,0.551,1]},"o":{"x":[0.45,0.45,0.333],"y":[0.035,0.035,0]},"t":318,"s":[96,96,100]},{"i":{"x":[0.638,0.638,0.667],"y":[1.012,1.012,1]},"o":{"x":[0.349,0.349,0.333],"y":[0.533,0.533,0]},"t":360,"s":[120,120,100]},{"i":{"x":[0.437,0.437,0.667],"y":[0.5,0.5,1]},"o":{"x":[0.657,0.657,0.333],"y":[0.057,0.057,0]},"t":383,"s":[134,134,100]},{"t":402,"s":[114,114,100]}],"ix":6}},"ao":0,"shapes":[{"ty":"gr","it":[{"d":1,"ty":"el","s":{"a":0,"k":[14.774,21.711],"ix":2},"p":{"a":0,"k":[0,0],"ix":3},"nm":"Ellipse Path 1","mn":"ADBE Vector Shape - Ellipse","hd":false},{"ty":"fl","c":{"a":0,"k":[0.62,0.8227,1,1],"ix":4},"o":{"a":0,"k":100,"ix":5},"r":1,"bm":0,"nm":"Fill 1","mn":"ADBE Vector Graphic - Fill","hd":false},{"ty":"tr","p":{"a":0,"k":[1.887,157.355],"ix":2},"a":{"a":0,"k":[0,0],"ix":1},"s":{"a":0,"k":[100,100],"ix":3},"r":{"a":0,"k":0,"ix":6},"o":{"a":0,"k":100,"ix":7},"sk":{"a":0,"k":0,"ix":4},"sa":{"a":0,"k":0,"ix":5},"nm":"Transform"}],"nm":"Ellipse 1","np":3,"cix":2,"bm":0,"ix":1,"mn":"ADBE Vector Group","hd":false}],"ip":53,"op":3653,"st":53,"bm":0,"completed":true},{"ddd":0,"ind":4,"ty":4,"nm":"Shape Layer 4","sr":1,"ks":{"o":{"a":0,"k":100,"ix":11},"r":{"a":0,"k":0,"ix":10},"p":{"a":0,"k":[395.437,594.09,0],"ix":2},"a":{"a":0,"k":[-30.188,139.09,0],"ix":1},"s":{"a":0,"k":[100,100,100],"ix":6}},"ao":0,"shapes":[{"ty":"gr","it":[{"ind":0,"ty":"sh","ix":1,"ks":{"a":0,"k":{"i":[[-40.375,136.375],[-33.625,148.25]],"o":[[-40.375,136.375],[-6.375,125.5]],"v":[[-40.375,136.375],[-20,136.875]],"c":false},"ix":2},"nm":"Path 1","mn":"ADBE Vector Shape - Group","hd":false},{"ty":"st","c":{"a":0,"k":[0.3384,0.4832,0.6016,1],"ix":3},"o":{"a":0,"k":100,"ix":4},"w":{"a":0,"k":4,"ix":5},"lc":2,"lj":2,"bm":0,"nm":"Stroke 1","mn":"ADBE Vector Graphic - Stroke","hd":false},{"ty":"tr","p":{"a":0,"k":[0,0],"ix":2},"a":{"a":0,"k":[0,0],"ix":1},"s":{"a":0,"k":[100,100],"ix":3},"r":{"a":0,"k":0,"ix":6},"o":{"a":0,"k":100,"ix":7},"sk":{"a":0,"k":0,"ix":4},"sa":{"a":0,"k":0,"ix":5},"nm":"Transform"}],"nm":"Shape 1","np":3,"cix":2,"bm":0,"ix":1,"mn":"ADBE Vector Group","hd":false},{"ty":"tm","s":{"a":1,"k":[{"i":{"x":[0.626],"y":[1]},"o":{"x":[0.695],"y":[0]},"t":38,"s":[50]},{"t":73,"s":[100]}],"ix":1},"e":{"a":1,"k":[{"i":{"x":[0.634],"y":[1]},"o":{"x":[0.882],"y":[0]},"t":38,"s":[50]},{"t":73,"s":[0]}],"ix":2},"o":{"a":0,"k":0,"ix":3},"m":1,"ix":2,"nm":"Trim Paths 1","mn":"ADBE Vector Filter - Trim","hd":false}],"ip":38,"op":3638,"st":38,"bm":0,"completed":true},{"ddd":0,"ind":5,"ty":4,"nm":"Shape Layer 3","sr":1,"ks":{"o":{"a":0,"k":100,"ix":11},"r":{"a":0,"k":0,"ix":10},"p":{"a":0,"k":[462.312,594.09,0],"ix":2},"a":{"a":0,"k":[-30.188,139.09,0],"ix":1},"s":{"a":0,"k":[100,100,100],"ix":6}},"ao":0,"shapes":[{"ty":"gr","it":[{"ind":0,"ty":"sh","ix":1,"ks":{"a":0,"k":{"i":[[-40.375,136.375],[-33.625,148.25]],"o":[[-40.375,136.375],[-6.375,125.5]],"v":[[-40.375,136.375],[-20,136.875]],"c":false},"ix":2},"nm":"Path 1","mn":"ADBE Vector Shape - Group","hd":false},{"ty":"st","c":{"a":0,"k":[0.3384,0.4832,0.6016,1],"ix":3},"o":{"a":0,"k":100,"ix":4},"w":{"a":0,"k":4,"ix":5},"lc":2,"lj":1,"ml":4,"bm":0,"nm":"Stroke 1","mn":"ADBE Vector Graphic - Stroke","hd":false},{"ty":"tr","p":{"a":0,"k":[0,0],"ix":2},"a":{"a":0,"k":[0,0],"ix":1},"s":{"a":0,"k":[100,100],"ix":3},"r":{"a":0,"k":0,"ix":6},"o":{"a":0,"k":100,"ix":7},"sk":{"a":0,"k":0,"ix":4},"sa":{"a":0,"k":0,"ix":5},"nm":"Transform"}],"nm":"Shape 1","np":3,"cix":2,"bm":0,"ix":1,"mn":"ADBE Vector Group","hd":false},{"ty":"tm","s":{"a":1,"k":[{"i":{"x":[0.626],"y":[1]},"o":{"x":[0.695],"y":[0]},"t":38,"s":[50]},{"t":73,"s":[100]}],"ix":1},"e":{"a":1,"k":[{"i":{"x":[0.634],"y":[1]},"o":{"x":[0.882],"y":[0]},"t":38,"s":[50]},{"t":73,"s":[0]}],"ix":2},"o":{"a":0,"k":0,"ix":3},"m":1,"ix":2,"nm":"Trim Paths 1","mn":"ADBE Vector Filter - Trim","hd":false}],"ip":38,"op":3638,"st":38,"bm":0,"completed":true},{"ddd":0,"ind":6,"ty":4,"nm":"Shape Layer 2","sr":1,"ks":{"o":{"a":0,"k":100,"ix":11},"r":{"a":0,"k":0,"ix":10},"p":{"a":0,"k":[427.688,624.517,0],"ix":2},"a":{"a":0,"k":[-64.812,169.517,0],"ix":1},"s":{"a":0,"k":[100,100,100],"ix":6}},"ao":0,"shapes":[{"ty":"gr","it":[{"ind":0,"ty":"sh","ix":1,"ks":{"a":0,"k":{"i":[[-86.625,158.625],[-66,187.25]],"o":[[-82.375,167.5],[-23.17,141.324]],"v":[[-84.375,163.625],[-45.25,165]],"c":false},"ix":2},"nm":"Path 1","mn":"ADBE Vector Shape - Group","hd":false},{"ty":"st","c":{"a":0,"k":[0.3384,0.4832,0.6016,1],"ix":3},"o":{"a":0,"k":100,"ix":4},"w":{"a":0,"k":4,"ix":5},"lc":2,"lj":1,"ml":4,"bm":0,"nm":"Stroke 1","mn":"ADBE Vector Graphic - Stroke","hd":false},{"ty":"tr","p":{"a":0,"k":[0,0],"ix":2},"a":{"a":0,"k":[0,0],"ix":1},"s":{"a":0,"k":[100,100],"ix":3},"r":{"a":0,"k":0,"ix":6},"o":{"a":0,"k":100,"ix":7},"sk":{"a":0,"k":0,"ix":4},"sa":{"a":0,"k":0,"ix":5},"nm":"Transform"}],"nm":"Shape 1","np":3,"cix":2,"bm":0,"ix":1,"mn":"ADBE Vector Group","hd":false},{"ty":"tm","s":{"a":1,"k":[{"i":{"x":[0.626],"y":[1]},"o":{"x":[0.695],"y":[0]},"t":54,"s":[50]},{"i":{"x":[0.526],"y":[1]},"o":{"x":[0.167],"y":[0]},"t":89,"s":[100]},{"i":{"x":[0.334],"y":[1]},"o":{"x":[0.453],"y":[0]},"t":155.562,"s":[80]},{"i":{"x":[0.461],"y":[1]},"o":{"x":[0.63],"y":[0]},"t":239,"s":[100]},{"i":{"x":[0.42],"y":[1]},"o":{"x":[0.485],"y":[0]},"t":325,"s":[80]},{"t":408.4375,"s":[100]}],"ix":1},"e":{"a":1,"k":[{"i":{"x":[0.634],"y":[1]},"o":{"x":[0.882],"y":[0]},"t":54,"s":[50]},{"i":{"x":[0.575],"y":[1]},"o":{"x":[0.167],"y":[0]},"t":89,"s":[0]},{"i":{"x":[0.634],"y":[1]},"o":{"x":[0.568],"y":[0]},"t":155.562,"s":[20]},{"i":{"x":[0.562],"y":[1]},"o":{"x":[0.373],"y":[0]},"t":239,"s":[0]},{"i":{"x":[0.568],"y":[1]},"o":{"x":[0.499],"y":[0]},"t":325,"s":[20]},{"t":408.4375,"s":[0]}],"ix":2},"o":{"a":0,"k":0,"ix":3},"m":1,"ix":2,"nm":"Trim Paths 1","mn":"ADBE Vector Filter - Trim","hd":false}],"ip":54,"op":3654,"st":54,"bm":0,"completed":true},{"ddd":0,"ind":9,"ty":4,"nm":"Bubbel 2","sr":1,"ks":{"o":{"a":0,"k":100,"ix":11},"r":{"a":0,"k":0,"ix":10},"p":{"a":0,"k":[385.71,440.982,0],"ix":2},"a":{"a":0,"k":[-29.71,24.982,0],"ix":1},"s":{"a":1,"k":[{"i":{"x":[0,0,0.667],"y":[1,1,1]},"o":{"x":[0.648,0.648,0.333],"y":[0,0,0]},"t":21,"s":[0,0,100]},{"t":84,"s":[-100,100,100]}],"ix":6}},"ao":0,"shapes":[{"ty":"gr","it":[{"ind":0,"ty":"sh","ix":1,"ks":{"a":0,"k":{"i":[[-12.61,2.89],[-9.440000000000001,4.55],[-5.359999999999999,3.8200000000000003],[-0.906,1.849],[0.03999999999999998,1.4549999999999998],[14.289,-0.6269999999999998],[-9.68,-5.61]],"o":[[-10.58,4.35],[-6.07,4.37],[-1.068,1.919],[-0.35,1.613],[8.693000000000001,-1.875],[9.72,-5.47],[-12.98,1.3]],"v":[[-11.36,3.79],[-8.4,4.49],[-1.23,1.99],[-0.746,1.781],[0.425,1.307],[12.74,-2.26],[-13,-0.15]],"c":true},"ix":2},"nm":"Path 1","mn":"ADBE Vector Shape - Group","hd":false,"_render":true},{"ty":"fl","c":{"a":0,"k":[0.85,0.85,0.85,1],"ix":4},"o":{"a":0,"k":100,"ix":5},"r":1,"bm":0,"nm":"Fill 1","mn":"ADBE Vector Graphic - Fill","hd":false,"_render":true},{"ty":"tr","p":{"a":0,"k":[0,0],"ix":2},"a":{"a":0,"k":[0,0],"ix":1},"s":{"a":0,"k":[300,300],"ix":3},"r":{"a":0,"k":-210,"ix":6},"o":{"a":0,"k":100,"ix":7},"sk":{"a":0,"k":0,"ix":4},"sa":{"a":0,"k":0,"ix":5},"nm":"Transform","_render":true}],"nm":"Fill 1","np":2,"cix":2,"bm":0,"ix":1,"mn":"ADBE Vector Group","hd":false,"_render":true}],"ip":-38,"op":3562,"st":-38,"bm":0,"completed":true},{"ddd":0,"ind":10,"ty":4,"nm":"Bubble","sr":1,"ks":{"o":{"a":0,"k":100,"ix":11},"r":{"a":0,"k":0,"ix":10},"p":{"a":0,"k":[656.185,350.788,0],"ix":2},"a":{"a":0,"k":[-17.205,11.132,0],"ix":1},"s":{"a":1,"k":[{"i":{"x":[0,0,0.667],"y":[1,1,1]},"o":{"x":[0.039,0.039,0.333],"y":[0.31,0.31,0]},"t":67,"s":[0,0,100]},{"t":117,"s":[100,100,100]}],"ix":6}},"ao":0,"shapes":[{"ty":"gr","it":[{"ind":0,"ty":"sh","ix":1,"ks":{"a":0,"k":{"i":[[-7,-0.31],[-6.63,2.33],[-3.6999999999999997,3.78],[2.2299999999999995,3.48],[8.07,-0.5800000000000001],[-7.07,-4.859999999999999]],"o":[[-6.98,0.95],[-4.67,3.6],[0.4900000000000002,4.31],[5.55,0.41000000000000014],[3.59,-4.890000000000001],[-7,-0.31]],"v":[[-7,-0.31],[-5.42,3.12],[-2.76,3.9],[4.31,1.55],[6.5,-2.1],[-7,-0.31]],"c":false},"ix":2},"nm":"Path 1","mn":"ADBE Vector Shape - Group","hd":false,"_render":true},{"ty":"fl","c":{"a":0,"k":[0.85,0.85,0.85,1],"ix":4},"o":{"a":0,"k":100,"ix":5},"r":1,"bm":0,"nm":"Fill 1","mn":"ADBE Vector Graphic - Fill","hd":false,"_render":true},{"ty":"tr","p":{"a":0,"k":[0,0],"ix":2},"a":{"a":0,"k":[0,0],"ix":1},"s":{"a":0,"k":[300,300],"ix":3},"r":{"a":0,"k":-195,"ix":6},"o":{"a":0,"k":100,"ix":7},"sk":{"a":0,"k":0,"ix":4},"sa":{"a":0,"k":0,"ix":5},"nm":"Transform","_render":true}],"nm":"Fill 1","np":2,"cix":2,"bm":0,"ix":1,"mn":"ADBE Vector Group","hd":false,"_render":true}],"ip":0,"op":3600,"st":0,"bm":0,"completed":true},{"ddd":0,"ind":11,"ty":4,"nm":"bubble","sr":1,"ks":{"o":{"a":0,"k":100,"ix":11},"r":{"a":0,"k":0,"ix":10},"p":{"a":0,"k":[574.516,424.335,0],"ix":2},"a":{"a":0,"k":[-50.367,24.951,0],"ix":1},"s":{"a":1,"k":[{"i":{"x":[0,0,0.667],"y":[1,1,1]},"o":{"x":[0.009,0.009,0.333],"y":[0.234,0.234,0]},"t":57,"s":[0,0,100]},{"t":127,"s":[100,100,100]}],"ix":6}},"ao":0,"shapes":[{"ty":"gr","it":[{"ind":0,"ty":"sh","ix":1,"ks":{"a":0,"k":{"i":[[-18.18,4.712000000000001],[-13.61,7.412],[-7.73,6.231999999999999],[20.740000000000002,-0.8480000000000003],[-13.959999999999997,-9.148]],"o":[[-15.25,7.0920000000000005],[-8.75,7.132],[11.440000000000001,-3.348],[14.010000000000002,-8.918000000000001],[-18.709999999999997,2.132]],"v":[[-16.37,6.182],[-12.1,7.322],[-1.77,3.252],[18.37,-3.688],[-18.74,-0.238]],"c":true},"ix":2},"nm":"Path 1","mn":"ADBE Vector Shape - Group","hd":false,"_render":true},{"ty":"fl","c":{"a":0,"k":[0.95,0.95,0.95,1],"ix":4},"o":{"a":0,"k":100,"ix":5},"r":1,"bm":0,"nm":"Fill 1","mn":"ADBE Vector Graphic - Fill","hd":false,"_render":true},{"ty":"tr","p":{"a":0,"k":[0,0],"ix":2},"a":{"a":0,"k":[0,0],"ix":1},"s":{"a":0,"k":[300,300],"ix":3},"r":{"a":0,"k":-195,"ix":6},"o":{"a":0,"k":100,"ix":7},"sk":{"a":0,"k":0,"ix":4},"sa":{"a":0,"k":0,"ix":5},"nm":"Transform","_render":true}],"nm":"Fill 1","np":2,"cix":2,"bm":0,"ix":1,"mn":"ADBE Vector Group","hd":false,"_render":true}],"ip":0,"op":3600,"st":0,"bm":0,"completed":true},{"ddd":0,"ind":17,"ty":0,"nm":"Big Bubble","refId":"comp_1","sr":1,"ks":{"o":{"a":0,"k":100,"ix":11},"r":{"a":0,"k":0,"ix":10},"p":{"a":0,"k":[413.5,444.008,0],"ix":2},"a":{"a":0,"k":[81.5,245.508,0],"ix":1},"s":{"a":1,"k":[{"i":{"x":[0,0,0.667],"y":[1,1,1]},"o":{"x":[0.019,0.019,0.333],"y":[0.528,0.528,0]},"t":29,"s":[0,0,100]},{"t":167,"s":[98,98,100]}],"ix":6}},"ao":0,"w":315,"h":246,"ip":0,"op":3600,"st":0,"bm":0,"completed":true,"layers":[{"ddd":0,"ind":1,"ty":4,"nm":"Fill 1","sr":1,"ks":{"o":{"a":0,"k":100,"ix":11},"r":{"a":0,"k":0,"ix":10},"p":{"a":0,"k":[157.973,122.959,0],"ix":2},"a":{"a":0,"k":[0,0,0],"ix":1},"s":{"a":0,"k":[100,100,100],"ix":6}},"ao":0,"shapes":[{"ty":"gr","it":[{"ind":0,"ty":"sh","ix":1,"ks":{"a":0,"k":{"i":[[-24.755,40.762],[-23.255,40.382],[-34.185,25.092],[-2.935,26.722],[17.165,29.562],[43.364999999999995,23.532],[52.465,-9.797999999999998],[30.325,-31.287999999999997],[-9.014999999999999,-44.068],[-48.755,-19.118]],"o":[[-22.724999999999998,41.122],[-24.445,36.342],[-9.594999999999999,25.092],[10.415000000000001,29.032],[31.355,29.352],[54.334999999999994,-0.46799999999999997],[40.975,-24.118],[16.225,-37.858],[-40.485,-33.628],[-59.755,23.812000000000005]],"v":[[-24.755,40.762],[-23.845,38.382],[-16.395,25.092],[3.765,27.882],[23.905,29.462],[49.315,10.522],[44.985,-19.118],[24.515,-33.998],[-24.755,-38.848],[-50.005,-14.248]],"c":true},"ix":2},"nm":"Path 1","mn":"ADBE Vector Shape - Group","hd":false,"_render":true},{"ty":"fl","c":{"a":0,"k":[0.94,0.94,0.94,1],"ix":4},"o":{"a":0,"k":100,"ix":5},"r":1,"bm":0,"nm":"Fill 1","mn":"ADBE Vector Graphic - Fill","hd":false,"_render":true},{"ty":"tr","p":{"a":0,"k":[0,0],"ix":2},"a":{"a":0,"k":[0,0],"ix":1},"s":{"a":0,"k":[300,300],"ix":3},"r":{"a":0,"k":0,"ix":6},"o":{"a":0,"k":100,"ix":7},"sk":{"a":0,"k":0,"ix":4},"sa":{"a":0,"k":0,"ix":5},"nm":"Transform","_render":true}],"nm":"Fill 1","np":2,"cix":2,"bm":0,"ix":1,"mn":"ADBE Vector Group","hd":false,"_render":true}],"ip":0,"op":3600,"st":0,"bm":0,"completed":true}]},{"ddd":0,"ind":21,"ty":4,"nm":"Shape Layer 1","sr":1,"ks":{"o":{"a":0,"k":100,"ix":11},"r":{"a":0,"k":0,"ix":10},"p":{"a":0,"k":[492.5,455,0],"ix":2},"a":{"a":0,"k":[0,0,0],"ix":1},"s":{"a":0,"k":[100,100,100],"ix":6}},"ao":0,"shapes":[{"ty":"gr","it":[{"ind":0,"ty":"sh","ix":1,"ks":{"a":0,"k":{"i":[[-119,6],[152,9.25],[151,110.5],[139.75,178],[127.75,210.25],[109.25,233.75],[80.55199999999999,230.962],[68.25,202.5],[69.75,116.75],[76.75,57.5],[81.875,24.375]],"o":[[-119,6],[152,9.25],[144.75,161],[133.292,200.065],[118.5,224.25],[87.601,238.621],[70.75,217.75],[65.199,167.112],[69.5,114.5],[76.75,57.5],[81.875,24.375]],"v":[[-119,6],[152,9.25],[146.75,130.75],[136.75,188.25],[123.5,216.5],[99.25,236],[76.5,225.5],[67,188],[69,127],[76.75,57.5],[81.875,24.375]],"c":false},"ix":2},"nm":"Path 1","mn":"ADBE Vector Shape - Group","hd":false,"_render":true},{"ty":"st","c":{"a":0,"k":[0.7439,0.8784,0.9961,1],"ix":3},"o":{"a":0,"k":100,"ix":4},"w":{"a":0,"k":3,"ix":5},"lc":1,"lj":1,"ml":4,"bm":0,"nm":"Stroke 1","mn":"ADBE Vector Graphic - Stroke","hd":false,"_render":true},{"ty":"tr","p":{"a":0,"k":[0,0],"ix":2},"a":{"a":0,"k":[0,0],"ix":1},"s":{"a":0,"k":[100,100],"ix":3},"r":{"a":0,"k":0,"ix":6},"o":{"a":0,"k":100,"ix":7},"sk":{"a":0,"k":0,"ix":4},"sa":{"a":0,"k":0,"ix":5},"nm":"Transform","_render":true}],"nm":"Shape 1","np":3,"cix":2,"bm":0,"ix":1,"mn":"ADBE Vector Group","hd":false,"_render":true},{"ty":"tm","s":{"a":0,"k":0,"ix":1},"e":{"a":1,"k":[{"i":{"x":[0.833],"y":[0.833]},"o":{"x":[0.167],"y":[0.167]},"t":0,"s":[0]},{"i":{"x":[0.833],"y":[0.833]},"o":{"x":[0.167],"y":[0.167]},"t":2,"s":[38]},{"i":{"x":[0.833],"y":[0.833]},"o":{"x":[0.167],"y":[0.167]},"t":4,"s":[49]},{"i":{"x":[0.833],"y":[0.833]},"o":{"x":[0.167],"y":[0.167]},"t":7,"s":[60]},{"i":{"x":[0.833],"y":[0.833]},"o":{"x":[0.167],"y":[0.167]},"t":9,"s":[67]},{"i":{"x":[0.833],"y":[0.833]},"o":{"x":[0.167],"y":[0.167]},"t":12,"s":[69]},{"i":{"x":[0.833],"y":[0.833]},"o":{"x":[0.167],"y":[0.167]},"t":20,"s":[69]},{"i":{"x":[0.833],"y":[0.833]},"o":{"x":[0.167],"y":[0.167]},"t":23,"s":[72.333]},{"i":{"x":[0.833],"y":[0.833]},"o":{"x":[0.167],"y":[0.167]},"t":27,"s":[76.111]},{"i":{"x":[0.833],"y":[0.833]},"o":{"x":[0.167],"y":[0.167]},"t":29,"s":[81]},{"i":{"x":[0.833],"y":[0.833]},"o":{"x":[0.167],"y":[0.167]},"t":32,"s":[88]},{"i":{"x":[0.833],"y":[0.833]},"o":{"x":[0.167],"y":[0.167]},"t":35,"s":[95]},{"t":41,"s":[100]}],"ix":2},"o":{"a":0,"k":-360,"ix":3},"m":1,"ix":2,"nm":"Trim Paths 1","mn":"ADBE Vector Filter - Trim","hd":false,"_render":true}],"ip":0,"op":3600,"st":0,"bm":0,"completed":true},{"ddd":0,"ind":22,"ty":4,"nm":"Folder Front 3","sr":1,"ks":{"o":{"a":0,"k":100,"ix":11},"r":{"a":0,"k":0,"ix":10},"p":{"a":0,"k":[443.987,587.909,0],"ix":2},"a":{"a":0,"k":[0,0,0],"ix":1},"s":{"a":0,"k":[100,100,100],"ix":6}},"ao":0,"shapes":[{"ty":"gr","it":[{"ind":0,"ty":"sh","ix":1,"ks":{"a":1,"k":[{"i":{"x":0.833,"y":0.833},"o":{"x":0.167,"y":0.167},"t":20,"s":[{"i":[[49.294,34.924],[50.087,34.781000000000006],[-37.912,39.072],[-45.848,28.739],[-43.187000000000005,31.684999999999995],[-36.746,33.864000000000004],[-29.223,34.717],[-21.243,35.454],[-10.363,35.991],[-4.106,36.521],[9.824,36.721000000000004],[23.557,36.881],[34.974000000000004,36.511],[45.864,35.800999999999995]],"o":[[42.837999999999994,35.947],[39.087,35.364000000000004],[-44.306,30.374],[-44.329,30.864],[-38.787000000000006,33.656],[-30.507000000000005,34.67100000000001],[-23.073,35.697],[-13.762999999999998,36.084],[-1.6130000000000004,36.381],[5.164,36.691],[18.864,36.691],[31.617,36.650999999999996],[42.244,36.051],[49.294,34.541]],"v":[[49.294,34.924],[45.85,35.334],[-44.306,30.374],[-45.848,28.739],[-40.316,32.971],[-33.09,34.337],[-26.383,35.167],[-17.903,35.734],[-6.203,36.171],[0.494,36.601],[14.494,36.701],[27.927,36.751],[38.654,36.271],[49.294,34.541]],"c":true}]},{"i":{"x":0.833,"y":0.833},"o":{"x":0.167,"y":0.167},"t":22,"s":[{"i":[[49.793,34.341],[45.171,35.53],[-10.329,40.114000000000004],[-46.515,28.031],[-41.495999999999995,32.489],[-36.787,33.822],[-28.37,35.031000000000006],[-21.076,35.662],[-10.613,36.324],[-4.106,36.521],[9.823,36.721000000000004],[23.223,36.631],[34.973,36.261],[45.863,35.800999999999995]],"o":[[46.17,35.031],[11.604,35.547000000000004],[-44.89,29.457],[-43.871,31.863999999999997],[-38.82899999999999,33.655],[-31.668000000000003,34.785000000000004],[-22.386000000000003,35.715],[-13.596,36.292],[-1.8630000000000004,36.714],[5.164,36.691],[18.863,36.691],[31.283,36.400999999999996],[42.242999999999995,35.801],[49.293,34.541]],"v":[[49.793,34.341],[41.184,35.667],[-44.89,29.457],[-46.515,28.031],[-40.233,33.012],[-34.048,34.337],[-25.716,35.334],[-17.736,35.942],[-6.453,36.504],[0.494,36.601],[14.493,36.701],[27.593,36.501],[38.653,36.021],[49.293,34.541]],"c":true}]},{"i":{"x":0.833,"y":0.833},"o":{"x":0.167,"y":0.167},"t":23,"s":[{"i":[[49.793,34.341],[43.754000000000005,33.864000000000004],[-13.736000000000004,35.087],[-47.898999999999994,23.915000000000003],[-45.055,30.431],[-38.412,33.906],[-31.371000000000002,34.863],[-22.436,35.574],[-13.603,36.178],[-4.106,36.521],[9.824,36.721000000000004],[23.223,36.631],[34.973,36.261],[45.863,35.800999999999995]],"o":[[44.931,35.177],[11.718000000000004,31],[-47.713,23.154],[-46.079,28.489],[-39.663000000000004,33.947],[-33.736000000000004,34.731],[-24.939,35.397],[-14.956,36.204],[-4.853,36.568],[5.164,36.691],[18.864,36.691],[31.283,36.400999999999996],[42.242999999999995,35.801],[49.293,34.541]],"v":[[49.793,34.341],[41.298,31.12],[-47.713,23.154],[-46.989,26.202],[-42.359,32.189],[-35.908,34.348],[-28.28,35.12],[-19.096,35.854],[-9.443,36.358],[0.494,36.601],[14.494,36.701],[27.593,36.501],[38.653,36.021],[49.293,34.541]],"c":true}]},{"i":{"x":0.833,"y":0.833},"o":{"x":0.167,"y":0.167},"t":25,"s":[{"i":[[49.793,34.341],[42.754999999999995,33.114000000000004],[-14.996000000000002,30.78],[-47.89,20.197],[-46.412000000000006,27.78],[-41.829,32.781],[-34.723,34.134],[-24.076,35.621],[-17.445999999999998,35.991],[-4.106,36.521],[9.824,36.721000000000004],[23.223,36.631],[34.973,36.261],[45.863,35.800999999999995]],"o":[[45.171,35.198],[10.104,27.297],[-48.223,17.207],[-47.496,23.53],[-44.226,30.796],[-36.868,33.757],[-28.573,35.114000000000004],[-16.596,36.251000000000005],[-8.696,36.381],[5.164,36.691],[18.864,36.691],[31.283,36.400999999999996],[42.242999999999995,35.801],[49.293,34.541]],"v":[[49.793,34.341],[39.684,27.417],[-48.223,17.207],[-47.89,20.197],[-45.066,29.637],[-39.423,33.254],[-31.883,34.584],[-20.736,35.901],[-13.286,36.171],[0.494,36.601],[14.494,36.701],[27.593,36.501],[38.653,36.021],[49.293,34.541]],"c":true}]},{"i":{"x":0.833,"y":0.833},"o":{"x":0.167,"y":0.167},"t":27,"s":[{"i":[[49.793,34.341],[39.671,29.863999999999997],[-15.837000000000003,25.652],[-48.89,15.774],[-48.079,23.864],[-44.275000000000006,30.984],[-38.556,33.800999999999995],[-29.076,35.121],[-17.445999999999998,35.991],[-4.106,36.521],[9.823,36.721000000000004],[23.223,36.631],[34.973,36.261],[45.863,35.800999999999995]],"o":[[43.328,35.367000000000004],[9.350999999999999,22.593999999999998],[-49.057,12.108],[-48.163000000000004,21.607],[-45.892,29.674],[-41.579,33.114000000000004],[-32.406,34.781],[-21.596,35.751000000000005],[-8.696,36.381],[5.164,36.691],[18.863,36.691],[31.283,36.400999999999996],[42.242999999999995,35.801],[49.293,34.541]],"v":[[49.793,34.341],[38.931,22.714],[-49.057,12.108],[-48.89,15.774],[-46.817,27.216],[-43.09,31.92],[-35.716,34.251],[-25.736,35.401],[-13.286,36.171],[0.494,36.601],[14.493,36.701],[27.593,36.501],[38.653,36.021],[49.293,34.541]],"c":true}]},{"i":{"x":0.833,"y":0.833},"o":{"x":0.167,"y":0.167},"t":30,"s":[{"i":[[49.794,34.341],[37.671,18.031],[-10.329,12.197],[-48.973,15.031],[-48.387,22.494],[-45.829,29.531],[-38.556,33.800999999999995],[-29.076,35.121],[-17.445999999999998,35.991],[-4.106,36.521],[9.823,36.721000000000004],[23.224,36.631],[34.974000000000004,36.261],[45.864,35.800999999999995]],"o":[[39.172,36.531],[6.504000000000001,10.864],[-49.39,4.957],[-48.746,18.864],[-47.07899999999999,27.448],[-41.631,33.359],[-32.406,34.781],[-21.596,35.751000000000005],[-8.696,36.381],[5.164,36.691],[18.863,36.691],[31.284000000000002,36.400999999999996],[42.244,35.801],[49.294,34.541]],"v":[[49.794,34.341],[38.35,5.084],[-49.39,4.957],[-48.973,15.031],[-47.733,24.971],[-43.756,31.421],[-35.716,34.251],[-25.736,35.401],[-13.286,36.171],[0.494,36.601],[14.493,36.701],[27.594,36.501],[38.654,36.021],[49.294,34.541]],"c":true}]},{"i":{"x":0.833,"y":0.833},"o":{"x":0.167,"y":0.167},"t":32,"s":[{"i":[[49.794,34.341],[36.338,14.197],[-16.65,-5],[-49.362,11.475],[-48.682,20.185000000000002],[-46.554,29.044],[-38.556,33.800999999999995],[-29.076,35.121],[-17.445999999999998,35.991],[-4.106,36.521],[9.823,36.721000000000004],[23.224,36.631],[34.974000000000004,36.261],[45.864,35.800999999999995]],"o":[[37.394,37.198],[9.070999999999998,-4.069000000000001],[-49.39,-7.487],[-48.801,16.642],[-46.567,27.933],[-41.574,33.294],[-32.406,34.781],[-21.596,35.751000000000005],[-8.696,36.381],[5.164,36.691],[18.863,36.691],[31.284000000000002,36.400999999999996],[42.244,35.801],[49.294,34.541]],"v":[[49.794,34.341],[39.406,-5.916],[-49.39,-7.487],[-49.362,11.475],[-47.511,24.471],[-43.756,31.421],[-35.716,34.251],[-25.736,35.401],[-13.286,36.171],[0.494,36.601],[14.493,36.701],[27.594,36.501],[38.654,36.021],[49.294,34.541]],"c":true}]},{"i":{"x":0.833,"y":0.833},"o":{"x":0.167,"y":0.167},"t":33,"s":[{"i":[[49.794,34.341],[37.171,9.197],[-19.810000000000002,-13.599],[-49.867,5.197000000000001],[-49.715999999999994,19.374],[-45.434,29.637999999999998],[-38.556,33.800999999999995],[-29.076,35.121],[-17.445999999999998,35.991],[-4.106,36.521],[9.823,36.721000000000004],[23.224,36.631],[34.974000000000004,36.261],[45.864,35.800999999999995]],"o":[[36.504999999999995,37.531],[10.104,-6.5360000000000005],[-49.39,-13.709],[-49.745,14.531],[-46.82899999999999,27.864],[-42.162,33.114],[-32.406,34.781],[-21.596,35.751000000000005],[-8.696,36.381],[5.164,36.691],[18.863,36.691],[31.284000000000002,36.400999999999996],[42.244,35.801],[49.294,34.541]],"v":[[49.794,34.341],[39.684,-6.416],[-49.39,-13.709],[-49.806,9.864],[-47.983,24.471],[-43.756,31.421],[-35.716,34.251],[-25.736,35.401],[-13.286,36.171],[0.494,36.601],[14.493,36.701],[27.594,36.501],[38.654,36.021],[49.294,34.541]],"c":true}]},{"i":{"x":0.833,"y":0.833},"o":{"x":0.167,"y":0.167},"t":34,"s":[{"i":[[49.794,34.341],[37.531000000000006,0.6530000000000022],[1.3370000000000033,-12.969000000000001],[-49.233,5.285],[-47.995999999999995,21.78],[-45.662000000000006,29.281000000000002],[-38.556,33.800999999999995],[-29.076,35.121],[-17.445999999999998,35.991],[-4.106,36.521],[9.823,36.721000000000004],[23.224,36.631],[34.974000000000004,36.261],[45.864,35.800999999999995]],"o":[[34.643,38.988],[11.309000000000005,-17.735],[-49.047,-17.989],[-49.07899999999999,11.613],[-46.638999999999996,26.419],[-41.604000000000006,32.562000000000005],[-32.406,34.781],[-21.596,35.751000000000005],[-8.696,36.381],[5.164,36.691],[18.863,36.691],[31.284000000000002,36.400999999999996],[42.244,35.801],[49.294,34.541]],"v":[[49.794,34.341],[40.889,-17.615],[-49.047,-17.989],[-49.233,5.285],[-47.233,24.387],[-43.84,30.754],[-35.716,34.251],[-25.736,35.401],[-13.286,36.171],[0.494,36.601],[14.493,36.701],[27.594,36.501],[38.654,36.021],[49.294,34.541]],"c":true}]},{"i":{"x":0.833,"y":0.833},"o":{"x":0.167,"y":0.167},"t":35,"s":[{"i":[[49.794,34.341],[37.391,-2.7250000000000014],[-17.723,-22.55],[-49.558,-0.023],[-49.329,15.363000000000001],[-45.437,29.891],[-38.556,33.800999999999995],[-29.076,35.121],[-17.445999999999998,35.991],[-4.106,36.521],[9.824,36.721000000000004],[23.224,36.631],[34.974000000000004,36.261],[45.864,35.800999999999995]],"o":[[32.78,40.446],[12.014000000000003,-23.768],[-49.647,-23.213],[-49.496,6.864],[-46.549,28.028000000000002],[-41.829,33.03],[-32.406,34.781],[-21.596,35.751000000000005],[-8.696,36.381],[5.164,36.691],[18.864,36.691],[31.284000000000002,36.400999999999996],[42.244,35.801],[49.294,34.541]],"v":[[49.794,34.341],[41.594,-23.648],[-49.647,-23.213],[-49.558,-0.023],[-47.381,24.239],[-43.766,31.345],[-35.716,34.251],[-25.736,35.401],[-13.286,36.171],[0.494,36.601],[14.494,36.701],[27.594,36.501],[38.654,36.021],[49.294,34.541]],"c":true}]},{"i":{"x":0.833,"y":0.833},"o":{"x":0.167,"y":0.167},"t":38,"s":[{"i":[[49.794,34.341],[38.373999999999995,-10.322999999999997],[-19.643,-32.266],[-50.223,-14.303],[-49.635000000000005,13.463999999999999],[-46.916,28.801],[-38.556,33.800999999999995],[-29.076,35.121],[-17.445999999999998,35.991],[-4.106,36.521],[9.824,36.721000000000004],[23.224,36.631],[34.974000000000004,36.261],[45.864,35.800999999999995]],"o":[[32.544,40.631],[13.104,-31.703],[-49.223,-32.376],[-52.996,1.8640000000000008],[-48.829,23.613999999999997],[-41.546,33.261],[-32.406,34.781],[-21.596,35.751000000000005],[-8.696,36.381],[5.164,36.691],[18.864,36.691],[31.284000000000002,36.400999999999996],[42.244,35.801],[49.294,34.541]],"v":[[49.794,34.341],[42.684,-31.583],[-49.223,-32.376],[-50.223,-14.303],[-49.191,19.054],[-43.756,31.421],[-35.716,34.251],[-25.736,35.401],[-13.286,36.171],[0.494,36.601],[14.494,36.701],[27.594,36.501],[38.654,36.021],[49.294,34.541]],"c":true}]},{"t":41,"s":[{"i":[[49.794,34.341],[39.373999999999995,-14.989],[-19.976,-36.599000000000004],[-50.494,-33.106],[-52.495999999999995,2.696999999999999],[-46.916,28.801],[-38.556,33.800999999999995],[-29.076,35.121],[-17.445999999999998,35.991],[-4.106,36.521],[9.824,36.721000000000004],[23.224,36.631],[34.974000000000004,36.261],[45.864,35.800999999999995]],"o":[[32.544,40.631],[14.104,-36.369],[-49.556,-36.709],[-51.829,-8.136000000000001],[-49.251,22.938000000000002],[-41.546,33.261],[-32.406,34.781],[-21.596,35.751000000000005],[-8.696,36.381],[5.164,36.691],[18.864,36.691],[31.284000000000002,36.400999999999996],[42.244,35.801],[49.294,34.541]],"v":[[49.794,34.341],[43.684,-36.249],[-49.556,-36.709],[-51.223,-19.469],[-49.9,18.887],[-43.756,31.421],[-35.716,34.251],[-25.736,35.401],[-13.286,36.171],[0.494,36.601],[14.494,36.701],[27.594,36.501],[38.654,36.021],[49.294,34.541]],"c":true}]}],"ix":2},"nm":"Path 1","mn":"ADBE Vector Shape - Group","hd":false},{"ty":"fl","c":{"a":0,"k":[0.5607,0.784,0.9793,1],"ix":4},"o":{"a":0,"k":100,"ix":5},"r":1,"bm":0,"nm":"Fill 1","mn":"ADBE Vector Graphic - Fill","hd":false},{"ty":"tr","p":{"a":0,"k":[0,0],"ix":2},"a":{"a":0,"k":[0,0],"ix":1},"s":{"a":0,"k":[300,300],"ix":3},"r":{"a":0,"k":0,"ix":6},"o":{"a":0,"k":100,"ix":7},"sk":{"a":0,"k":0,"ix":4},"sa":{"a":0,"k":0,"ix":5},"nm":"Transform"}],"nm":"Fill 8","np":2,"cix":2,"bm":0,"ix":1,"mn":"ADBE Vector Group","hd":false}],"ip":20,"op":3583,"st":-17,"bm":0,"completed":true},{"ddd":0,"ind":23,"ty":4,"nm":"Folder back 2","sr":1,"ks":{"o":{"a":1,"k":[{"i":{"x":[0.667],"y":[1]},"o":{"x":[0.333],"y":[0]},"t":0,"s":[0]},{"t":11,"s":[100]}],"ix":11},"r":{"a":0,"k":0,"ix":10},"p":{"a":0,"k":[509.689,578.168,0],"ix":2},"a":{"a":0,"k":[0,0,0],"ix":1},"s":{"a":0,"k":[100,100,100],"ix":6}},"ao":0,"shapes":[{"ty":"gr","it":[{"ty":"st","c":{"a":0,"k":[0.1804,0.0118,0.898,1],"ix":3},"o":{"a":0,"k":100,"ix":4},"w":{"a":0,"k":177,"ix":5},"lc":1,"lj":1,"ml":4,"bm":0,"nm":"Stroke 1","mn":"ADBE Vector Graphic - Stroke","hd":false,"_render":true},{"ty":"fl","c":{"a":0,"k":[0.4528,0.7027,0.9072,1],"ix":4},"o":{"a":0,"k":100,"ix":5},"r":1,"bm":0,"nm":"Fill 1","mn":"ADBE Vector Graphic - Fill","hd":false,"_render":true},{"ty":"tr","p":{"a":0,"k":[0,0],"ix":2},"a":{"a":0,"k":[0,0],"ix":1},"s":{"a":0,"k":[100,100],"ix":3},"r":{"a":0,"k":0,"ix":6},"o":{"a":0,"k":100,"ix":7},"sk":{"a":0,"k":0,"ix":4},"sa":{"a":0,"k":0,"ix":5},"nm":"Transform","_render":true}],"nm":"Shape 1","np":2,"cix":2,"bm":0,"ix":1,"mn":"ADBE Vector Group","hd":false,"_render":true},{"ty":"gr","it":[{"ind":0,"ty":"sh","ix":1,"ks":{"a":1,"k":[{"i":{"x":0.833,"y":0.833},"o":{"x":0.167,"y":0.167},"t":0,"s":[{"i":[[44.257,-46.898],[44.169,-46.9],[45.126999999999995,-42.978],[45.351,-49.57],[44.942,-48.888],[45.205,-38.783],[44.796,-47.939],[44.303,-56.022],[45.154,-50.291],[-42.376,-50.581],[-45.456,-50.302],[-45.592,-48.794],[-45.586,-48.25],[-45.581,-47.825],[-45.579,-47.68],[-31.018,-49.316]],"o":[[47.836999999999996,-47.118],[45.808,-54.830999999999996],[45.339999999999996,-49.228],[45.544,-56.239000000000004],[45.504000000000005,-55.447],[44.877,-47.637],[45.143,-49.747],[45.309,-47.081],[45.154,-50.291],[-45.826,-51.271],[-45.456,-50.302],[-45.592,-48.794],[-45.586,-48.25],[-45.581,-47.825],[-45.579,-47.68],[21.474999999999998,-49.414]],"v":[[44.257,-46.898],[44.647,-49.211],[45.327,-48.851],[45.36,-49.88],[44.981,-49.348],[44.887,-47.366],[44.857,-48.257],[44.927,-50.475],[45.154,-50.291],[-45.826,-51.271],[-45.456,-50.302],[-45.592,-48.794],[-45.586,-48.25],[-45.581,-47.825],[-45.579,-47.68],[-4.771,-49.365]],"c":true}]},{"i":{"x":0.833,"y":0.833},"o":{"x":0.167,"y":0.167},"t":2,"s":[{"i":[[44.793,-18.572],[45.471999999999994,-23.636],[45.452999999999996,-25.915000000000003],[45.394000000000005,-27.012999999999998],[45.498,-29.079],[45.58,-35.7],[45.658,-35.195],[45.44799999999999,-37.517999999999994],[45.487,-38.291],[-42.043,-38.581],[-44.903,-35.175],[-44.72,-24.326],[-44.774,-23.166],[-44.717,-20.416],[-44.84,-19.228],[-27.691,-16.747]],"o":[[45.452999999999996,-18.736],[45.297,-20.569],[45.391999999999996,-26.981],[45.423,-27.721],[45.545,-35.322],[45.702,-33.963],[45.784,-35.095],[45.631,-36.57299999999999],[45.487,-38.291],[-45.493,-39.271],[-44.525,-28.997],[-44.72,-24.326],[-44.858000000000004,-20.998],[-44.717,-20.416],[-44.84,-19.228],[22.809,-15.914]],"v":[[44.793,-18.572],[45.483,-21.82],[45.391,-26.952],[45.395,-27.046],[45.467,-30.126],[45.641,-34.875],[45.673,-35.184],[45.541,-37.099],[45.487,-38.291],[-45.493,-39.271],[-44.714,-32.086],[-44.72,-24.326],[-44.816,-22.082],[-44.717,-20.416],[-44.84,-19.228],[-2.429,-16.081]],"c":true}]},{"i":{"x":0.833,"y":0.833},"o":{"x":0.167,"y":0.167},"t":3,"s":[{"i":[[44.463,-12.235],[45.161,-17.338],[45.297000000000004,-22.727],[45.259,-23.642],[45.375,-25.503999999999998],[45.464999999999996,-30.745],[45.550000000000004,-34.523],[45.356,-32.163],[45.487,-38.291],[-42.043,-38.581],[-44.852999999999994,-32.760999999999996],[-44.394000000000005,-20.811],[-44.348,-16.957],[-44.286,-14.916],[-44.423,-12.879],[-32.584,-7.904999999999999]],"o":[[45.006,-12.554],[45.214999999999996,-18.742],[45.257000000000005,-23.615],[45.299,-24.266],[45.448,-29.743],[45.532,-30.819],[45.609,-35.775000000000006],[45.553000000000004,-37.098],[45.487,-38.291],[-45.493,-39.271],[-44.357,-24.831],[-44.414,-18.579],[-44.39,-15.873],[-44.343,-14.177000000000001],[-44.423,-12.879],[20.142,-6.247]],"v":[[44.463,-12.235],[45.211,-17.349],[45.255,-23.589],[45.261,-23.671],[45.37,-26.258],[45.501,-31.131],[45.557,-34.679],[45.463,-35.058],[45.487,-38.291],[-45.493,-39.271],[-44.605,-28.796],[-44.404,-19.695],[-44.369,-16.415],[-44.32,-14.476],[-44.423,-12.879],[-6.215,-6.951]],"c":true}]},{"i":{"x":0.833,"y":0.833},"o":{"x":0.167,"y":0.167},"t":4,"s":[{"i":[[44.132,-5.898],[44.85,-11.039],[45.142,-19.538999999999998],[45.123999999999995,-20.272000000000002],[45.251999999999995,-21.927],[45.349999999999994,-25.788999999999998],[45.440999999999995,-33.85],[45.263,-26.808000000000003],[45.487,-38.291],[-42.043,-38.581],[-44.803,-30.346],[-44.066,-17.296],[-43.922,-10.998],[-43.854,-9.417],[-44.007,-6.531],[-37.477,0.9379999999999997]],"o":[[44.558,-6.372999999999999],[45.134,-16.915],[45.121,-20.247999999999998],[45.174,-20.813000000000002],[45.35,-24.163999999999998],[45.363,-27.673],[45.434,-36.455],[45.476,-37.623000000000005],[45.487,-38.291],[-45.493,-39.271],[-44.191,-20.663999999999998],[-44.108000000000004,-12.83],[-43.922,-10.998],[-43.97,-7.938],[-44.007,-6.531],[17.475,3.42]],"v":[[44.132,-5.898],[44.939,-12.878],[45.119,-20.226],[45.126,-20.297],[45.272,-22.389],[45.361,-27.386],[45.44,-34.173],[45.385,-33.017],[45.487,-38.291],[-45.493,-39.271],[-44.497,-25.505],[-44.087,-15.063],[-43.922,-10.998],[-43.923,-8.536],[-44.007,-6.531],[-10.001,2.179]],"c":true}]},{"i":{"x":0.833,"y":0.833},"o":{"x":0.167,"y":0.167},"t":6,"s":[{"i":[[42.091,12.977],[43.973000000000006,2.919],[45.142,-11.164000000000001],[45.161,-12.909],[45.307,-20.219],[45.393,-25.747],[45.579,-31.185000000000002],[45.389,-25.809000000000005],[45.487,-38.291],[-42.043,-38.581],[-44.596000000000004,-29.583000000000002],[-43.554,-3.265],[-43.701,6.659],[-44.114,9.642],[-44.279,12.802],[-34.373,18.162]],"o":[[42.684,10.377],[44.559000000000005,-3.664],[45.161,-12.873000000000001],[45.178,-13.954],[45.392,-25.664],[45.406000000000006,-27.628],[46.266999999999996,-39.129000000000005],[45.759,-39.904],[45.487,-38.291],[-45.493,-39.271],[-44.024,-15.913],[-43.691,3.503],[-43.701,6.659],[-44.114,9.642],[-44.279,12.802],[11.975,18.252000000000002]],"v":[[42.091,12.977],[44.148,0.956],[45.161,-12.851],[45.162,-12.958],[45.314,-20.681],[45.404,-27.336],[45.607,-31.507],[45.552,-32.017],[45.487,-38.291],[-45.493,-39.271],[-44.31,-22.748],[-43.622,0.089],[-43.701,6.659],[-44.114,9.642],[-44.279,12.802],[-11.199,18.207]],"c":true}]},{"i":{"x":0.833,"y":0.833},"o":{"x":0.167,"y":0.167},"t":9,"s":[{"i":[[31.424,34.602],[40.332,22.842],[44.648,-6.885],[44.674,-7.679],[44.742999999999995,-13.838],[45.113,-22.729],[45.277,-28.384],[45.378,-32.702],[45.487,-38.291],[-42.043,-38.581],[-41.804,-15.626999999999999],[-41.837,15.187],[-42.838,23.245],[-43.192,25.836],[-46.34,31.969],[-44.739999999999995,36.900000000000006]],"o":[[36.809,32.419],[43.309,10.836],[44.668,-7.476],[44.803,-11.972000000000001],[44.725,-15.914],[45.03,-22.164],[45.142,-26.914],[45.476,-32.914],[45.487,-38.291],[-45.493,-39.271],[-41.192,14.419],[-41.837,15.187],[-42.838,23.245],[-45.278000000000006,31.56],[-46.34,31.969],[9.142,39.086]],"v":[[31.424,34.602],[41.564,17.872],[44.661,-7.268],[44.68,-7.878],[44.897,-15.014],[45.033,-22.181],[45.273,-28.34],[45.427,-32.808],[45.487,-38.291],[-45.493,-39.271],[-41.331,-5.104],[-41.837,15.187],[-42.838,23.245],[-44.09,28.301],[-46.34,31.969],[-17.799,37.993]],"c":true}]},{"i":{"x":0.833,"y":0.833},"o":{"x":0.167,"y":0.167},"t":10,"s":[{"i":[[26.924,37.352],[37.031,28.093999999999998],[43.856,-0.3450000000000002],[44.208999999999996,-2.901],[44.71,-11.48],[44.901999999999994,-16.558],[45.30200000000001,-24.588],[45.394999999999996,-29.945999999999998],[45.487,-38.291],[-42.043,-38.581],[-42.193,-19.070999999999998],[-41.525,9.419],[-42.690999999999995,23.086],[-43.858,28.086000000000002],[-46.729,33.469],[-43.001000000000005,37.629]],"o":[[34.503,35.613],[42.309,16.128],[44.197,-2.689],[44.406,-6.785],[44.864,-13.435],[45.120999999999995,-19.524],[45.394000000000005,-26.858999999999998],[45.583999999999996,-34.786],[45.487,-38.291],[-45.493,-39.271],[-41.858,6.753],[-42.43899999999999,17.479000000000003],[-43.440999999999995,26.919],[-45.412,33.387],[-46.729,33.469],[14.808999999999997,41.919000000000004]],"v":[[26.924,37.352],[39.342,23.22],[44.189,-2.532],[44.226,-3.154],[44.842,-12.403],[45.114,-19.433],[45.343,-25.34],[45.482,-32.086],[45.487,-38.291],[-45.493,-39.271],[-41.997,-3.993],[-42.282,16.097],[-43.227,25.45],[-44.506,30.297],[-46.729,33.469],[-20.094,38.655]],"c":true}]},{"i":{"x":0.833,"y":0.833},"o":{"x":0.167,"y":0.167},"t":11,"s":[{"i":[[21.924,37.602],[33.730999999999995,33.345],[43.063,6.196],[43.745000000000005,1.878],[44.675000000000004,-9.121],[44.690999999999995,-10.387999999999998],[45.326,-20.793],[45.413,-27.19],[45.487,-38.291],[-42.043,-38.581],[-42.906,-18.938],[-42.601,14.062000000000001],[-43.351,23.250999999999998],[-44.488,29.554000000000002],[-47.118,34.969],[-41.263000000000005,38.357]],"o":[[31.698,36.308],[41.309,21.42],[43.725,2.099],[44.011,-1.598],[45.001000000000005,-10.957],[45.211999999999996,-16.884],[45.644999999999996,-26.804000000000002],[45.692,-36.657000000000004],[45.487,-38.291],[-45.493,-39.271],[-41.358000000000004,3.0860000000000003],[-42.851,19.62],[-44.184,29.473],[-45.858000000000004,35.364000000000004],[-47.118,34.969],[-3.3019999999999996,40.197]],"v":[[21.924,37.602],[37.12,28.567],[43.716,2.205],[43.773,1.571],[44.786,-9.792],[45.196,-16.685],[45.412,-22.34],[45.538,-31.364],[45.487,-38.291],[-45.493,-39.271],[-42.164,-8.382],[-42.726,16.841],[-43.616,26.322],[-45.173,32.459],[-47.118,34.969],[-22.39,39.317]],"c":true}]},{"i":{"x":0.833,"y":0.833},"o":{"x":0.167,"y":0.167},"t":12,"s":[{"i":[[17.174,39.102],[29.107,37.891000000000005],[42.103,12.943999999999999],[43.114,6.864999999999999],[44.475,-6.346],[44.313,-3.843],[45.225,-16.747],[45.347,-24.183999999999997],[45.487,-38.291],[-42.043,-38.581],[-42.457,-11.633],[-42.150000000000006,12.416],[-42.775,22.253],[-44.321000000000005,31.490000000000002],[-47.507,36.469],[-39.524,39.086]],"o":[[27.225,38.586],[40.892,25.503000000000004],[43.086,7.093],[43.448,3.7979999999999996],[44.809,-7.914],[45.135,-13.870000000000001],[45.77,-26.499],[45.717,-38.278999999999996],[45.487,-38.291],[-45.493,-39.271],[-42.192,10.585999999999999],[-42.524,20.752],[-44.025,31.586],[-46.025,36.752],[-47.507,36.469],[-9.524,40.752]],"v":[[17.174,39.102],[33.564,33.206],[43.077,7.149],[43.153,6.504],[44.564,-6.764],[45.11,-13.563],[45.356,-19.09],[45.51,-30.392],[45.487,-38.291],[-45.493,-39.271],[-42.331,-1.104],[-42.337,16.584],[-43.172,26.86],[-45.173,34.121],[-47.507,36.469],[-24.685,39.979]],"c":true}]},{"i":{"x":0.833,"y":0.833},"o":{"x":0.167,"y":0.167},"t":15,"s":[{"i":[[10.674,39.686],[29.892,37.419000000000004],[38.309,28.753],[41.58,18.503],[42.913000000000004,10.526000000000002],[43.918,2.0950000000000006],[45.162,-18.851],[45.514,-26.35],[45.487,-38.291],[-42.043,-38.581],[-42.120000000000005,-18.255000000000003],[-40.816,7.532000000000002],[-45.088,28.953],[-45.654,31.072],[-56.007,37.969],[-28.372,39.734]],"o":[[31.809,38.92],[36.642,30.503],[40.002,24.294999999999998],[42.559000000000005,14.836000000000002],[43.976,3.4190000000000005],[44.72,-8.528],[45.849999999999994,-26.794999999999998],[45.884,-40.445],[45.487,-38.291],[-45.493,-39.271],[-41.525000000000006,-0.9139999999999997],[-42.858000000000004,25.086],[-45.088,28.953],[-52.358,38.086],[-56.007,37.969],[-28.372,39.734]],"v":[[10.674,39.686],[34.814,33.289],[39.994,24.316],[41.594,18.449],[42.981,10.069],[44.695,-8.202],[45.19,-19.173],[45.677,-32.558],[45.487,-38.291],[-45.493,-39.271],[-41.831,-9.836],[-41.837,16.309],[-45.088,28.953],[-49.006,34.579],[-56.007,37.969],[-28.372,39.734]],"c":true}]},{"i":{"x":0.833,"y":0.833},"o":{"x":0.167,"y":0.167},"t":18,"s":[{"i":[[-6.34,40.016],[24.352999999999998,38.696999999999996],[36.214000000000006,30.406],[38.624,25.042],[41.653,15.889999999999999],[43.477,6.384],[44.345,-6.379],[44.85,-18.252000000000002],[45.487,-38.291],[-42.043,-38.581],[-42.97,-25.380000000000003],[-41.650000000000006,8.466000000000001],[-42.365,21.202],[-50.525,34.669],[-58.315,37.304],[-38.901,39.173]],"o":[[20.906,39.58],[33.491,35.311],[38.596000000000004,25.114],[38.911,24.324],[42.985,9.117999999999999],[43.711,1.302],[44.809,-14.497],[45.22,-32.347],[45.487,-38.291],[-45.493,-39.271],[-42.024,1.5860000000000003],[-42.024,18.586],[-46.441,31.503],[-55.230000000000004,37.253],[-58.315,37.304],[-38.901,39.173]],"v":[[-6.34,40.016],[27.784,37.419],[38.587,25.134],[38.637,25.009],[41.742,15.437],[43.696,1.625],[44.363,-6.702],[45.013,-24.46],[45.487,-38.291],[-45.493,-39.271],[-42.497,-11.897],[-41.837,13.526],[-44.011,25.734],[-51.506,35.208],[-58.315,37.304],[-38.901,39.173]],"c":true}]},{"t":20,"s":[{"i":[[-10.47,40.057],[14.637,40.897000000000006],[34.058,33.837],[37.784,28.046999999999997],[40.525000000000006,19.718999999999998],[43.309000000000005,8.501999999999999],[44.153999999999996,-3.179],[45.13,-18.805],[45.384,-38.414],[-42.147,-38.466],[-44.027,-22.532],[-43.435,11.278],[-43.358000000000004,18.586],[-47.691,32.586],[-60.654,36.759],[-46.518,38.602]],"o":[[-6.891,39.827000000000005],[32.392,36.836],[35.407000000000004,31.776000000000003],[39.892,22.253],[41.726000000000006,17.002],[43.527,3.142],[44.82,-11.125],[45.462,-32.902],[45.384,-38.414],[-45.599,-39.147],[-43.691,1.0859999999999985],[-43.435,11.278],[-46.525000000000006,27.586],[-57.099000000000004,36.754999999999995],[-60.654,36.759],[-46.518,38.602]],"v":[[-10.47,40.057],[26,38.298],[35.395,31.795],[38.838,25.15],[40.712,19.296],[43.514,3.465],[44.181,-3.501],[45.276,-25.014],[45.384,-38.414],[-45.599,-39.147],[-43.859,-10.723],[-43.435,11.278],[-45.392,23.945],[-52.515,34.778],[-60.654,36.759],[-46.518,38.602]],"c":true}]}],"ix":2},"nm":"Path 1","mn":"ADBE Vector Shape - Group","hd":false,"_render":true},{"ty":"fl","c":{"a":0,"k":[0.4528,0.7027,0.9072,1],"ix":4},"o":{"a":0,"k":100,"ix":5},"r":1,"bm":0,"nm":"Fill 1","mn":"ADBE Vector Graphic - Fill","hd":false,"_render":true},{"ty":"tr","p":{"a":0,"k":[-0.115,0.074],"ix":2},"a":{"a":0,"k":[0,0],"ix":1},"s":{"a":0,"k":[300,300],"ix":3},"r":{"a":0,"k":0,"ix":6},"o":{"a":0,"k":100,"ix":7},"sk":{"a":0,"k":0,"ix":4},"sa":{"a":0,"k":0,"ix":5},"nm":"Transform","_render":true}],"nm":"Fill 6","np":2,"cix":2,"bm":0,"ix":2,"mn":"ADBE Vector Group","hd":false,"_render":true}],"ip":0,"op":3600,"st":0,"bm":0,"completed":true},{"ddd":0,"ind":25,"ty":4,"nm":"Shadow","sr":1,"ks":{"o":{"a":1,"k":[{"i":{"x":[0.667],"y":[1]},"o":{"x":[0.333],"y":[0]},"t":17,"s":[0]},{"t":42,"s":[100]}],"ix":11},"r":{"a":0,"k":0,"ix":10},"p":{"a":0,"k":[461.597,695.146,0],"ix":2},"a":{"a":0,"k":[0,0,0],"ix":1},"s":{"a":1,"k":[{"i":{"x":[0,0,0.667],"y":[1,1,1]},"o":{"x":[0.333,0.333,0.333],"y":[0,0,0]},"t":17,"s":[17,17,100]},{"t":30,"s":[100,100,100]}],"ix":6}},"ao":0,"shapes":[{"ty":"gr","it":[{"ind":0,"ty":"sh","ix":1,"ks":{"a":0,"k":{"i":[[57.478,0.585],[56.678,1.585],[32.588,4.875],[-18.122,4.085],[-65.142,1.1549999999999998],[-23.451999999999998,-4.525],[16.558,-4.994999999999999],[57.988,-2.075]],"o":[[57.378,1.065],[44.838,6.095000000000001],[1.9080000000000013,4.935],[-50.612,3.255],[-38.711999999999996,-5.005],[3.6580000000000013,-5.255],[31.618,-3.9949999999999997],[57.478,0.585]],"v":[[57.478,0.585],[55.198,2.145],[21.928,4.895],[-38.122,4.085],[-52.782,-1.725],[-9.232,-4.905],[29.438,-4.145],[57.478,0.585]],"c":false},"ix":2},"nm":"Path 1","mn":"ADBE Vector Shape - Group","hd":false,"_render":true},{"ty":"fl","c":{"a":0,"k":[0.93,0.93,0.93,1],"ix":4},"o":{"a":0,"k":100,"ix":5},"r":1,"bm":0,"nm":"Fill 1","mn":"ADBE Vector Graphic - Fill","hd":false,"_render":true},{"ty":"tr","p":{"a":0,"k":[0,0],"ix":2},"a":{"a":0,"k":[0,0],"ix":1},"s":{"a":0,"k":[300,300],"ix":3},"r":{"a":0,"k":0,"ix":6},"o":{"a":0,"k":100,"ix":7},"sk":{"a":0,"k":0,"ix":4},"sa":{"a":0,"k":0,"ix":5},"nm":"Transform","_render":true}],"nm":"Fill 4","np":2,"cix":2,"bm":0,"ix":1,"mn":"ADBE Vector Group","hd":false,"_render":true}],"ip":0,"op":3600,"st":0,"bm":0,"completed":true}],"markers":[],"__complete":true}