{"nm":"Comp 1","ddd":0,"h":600,"w":800,"meta":{"g":"@lottiefiles/toolkit-js 0.33.2"},"layers":[{"ty":0,"nm":"Shape_Line_50 1","sr":1,"st":0,"op":48.8,"ip":0,"hd":false,"ddd":0,"bm":0,"hasMask":false,"ao":0,"ks":{"a":{"a":0,"k":[960,960,0],"ix":1},"s":{"a":0,"k":[32.917,32.917,100],"ix":6},"sk":{"a":0,"k":0},"p":{"a":0,"k":[400,300,0],"ix":2},"r":{"a":0,"k":0,"ix":10},"sa":{"a":0,"k":0},"o":{"a":0,"k":100,"ix":11}},"ef":[{"ty":5,"mn":"ADBE Checkbox Control","nm":"Internal control","ix":1,"en":1,"ef":[{"ty":7,"mn":"ADBE Checkbox Control-0001","nm":"Checkbox","ix":1,"v":{"a":0,"k":0,"ix":1}}]},{"ty":5,"mn":"ADBE Slider Control","nm":"Size","ix":2,"en":1,"ef":[{"ty":0,"mn":"ADBE Slider Control-0001","nm":"Slider","ix":1,"v":{"a":0,"k":152,"ix":1}}]},{"ty":5,"mn":"ADBE Slider Control","nm":"Stroke Control 01","ix":3,"en":1,"ef":[{"ty":0,"mn":"ADBE Slider Control-0001","nm":"Slider","ix":1,"v":{"a":0,"k":4,"ix":1}}]},{"ty":5,"mn":"ADBE Slider Control","nm":"Stroke Control 02","ix":4,"en":1,"ef":[{"ty":0,"mn":"ADBE Slider Control-0001","nm":"Slider","ix":1,"v":{"a":0,"k":4,"ix":1}}]},{"ty":5,"mn":"ADBE Slider Control","nm":"Stroke Control 03","ix":5,"en":1,"ef":[{"ty":0,"mn":"ADBE Slider Control-0001","nm":"Slider","ix":1,"v":{"a":0,"k":4,"ix":1}}]},{"ty":5,"mn":"ADBE Slider Control","nm":"Stroke Control 04","ix":6,"en":1,"ef":[{"ty":0,"mn":"ADBE Slider Control-0001","nm":"Slider","ix":1,"v":{"a":0,"k":4,"ix":1}}]},{"ty":5,"mn":"ADBE Color Control","nm":"Color A","ix":7,"en":1,"ef":[{"ty":2,"mn":"ADBE Color Control-0001","nm":"Color","ix":1,"v":{"a":0,"k":[0.6706,0.1961,1],"ix":1}}]},{"ty":5,"mn":"ADBE Color Control","nm":"Color B","ix":8,"en":1,"ef":[{"ty":2,"mn":"ADBE Color Control-0001","nm":"Color","ix":1,"v":{"a":0,"k":[0.0824,0.8627,0.9569],"ix":1}}]},{"ty":5,"mn":"ADBE Color Control","nm":"Color C","ix":9,"en":1,"ef":[{"ty":2,"mn":"ADBE Color Control-0001","nm":"Color","ix":1,"v":{"a":0,"k":[0.6706,0.1961,1],"ix":1}}]}],"w":1920,"h":1920,"refId":"comp_0","ind":1}],"v":"5.5.7","fr":24,"op":48,"ip":0,"assets":[{"nm":"","id":"comp_0","layers":[{"ty":4,"nm":"Element 4","sr":1,"st":7.2,"op":56,"ip":7.2,"hd":false,"ddd":0,"bm":0,"hasMask":false,"ao":0,"ks":{"a":{"a":0,"k":[0,0,0],"ix":1},"s":{"a":0,"k":[2193.333,2193.333,100],"ix":6},"sk":{"a":0,"k":0},"p":{"a":0,"k":[960,960,0],"ix":2},"r":{"a":0,"k":0,"ix":10},"sa":{"a":0,"k":0},"o":{"a":0,"k":100,"ix":11}},"ef":[],"shapes":[{"ty":"el","bm":0,"hd":false,"mn":"ADBE Vector Shape - Ellipse","nm":"Ellipse Path 1","d":1,"p":{"a":0,"k":[0,0],"ix":3},"s":{"a":0,"k":[28,28],"ix":2}},{"ty":"tm","bm":0,"hd":false,"mn":"ADBE Vector Filter - Trim","nm":"Trim Paths 1","ix":2,"e":{"a":1,"k":[{"o":{"x":1,"y":0},"i":{"x":0,"y":1},"s":[0],"t":13.6},{"s":[100],"t":47.2}],"ix":2},"o":{"a":0,"k":-5,"ix":3},"s":{"a":1,"k":[{"o":{"x":1,"y":0},"i":{"x":0,"y":1},"s":[0],"t":7.2},{"s":[100],"t":40.8}],"ix":1},"m":1},{"ty":"st","bm":0,"hd":false,"mn":"ADBE Vector Graphic - Stroke","nm":"Stroke 1","lc":2,"lj":1,"ml":4,"o":{"a":0,"k":100,"ix":4},"w":{"a":0,"k":5,"ix":5},"c":{"a":0,"k":[0,0,0],"ix":3}}],"ind":1},{"ty":4,"nm":"Element 3","sr":1,"st":4.8,"op":53.6,"ip":4.8,"hd":false,"ddd":0,"bm":0,"hasMask":false,"ao":0,"ks":{"a":{"a":0,"k":[0,0,0],"ix":1},"s":{"a":0,"k":[2193.333,2193.333,100],"ix":6},"sk":{"a":0,"k":0},"p":{"a":0,"k":[960,960,0],"ix":2},"r":{"a":0,"k":0,"ix":10},"sa":{"a":0,"k":0},"o":{"a":0,"k":100,"ix":11}},"ef":[],"shapes":[{"ty":"el","bm":0,"hd":false,"mn":"ADBE Vector Shape - Ellipse","nm":"Ellipse Path 1","d":1,"p":{"a":0,"k":[0,0],"ix":3},"s":{"a":0,"k":[43,43],"ix":2}},{"ty":"tm","bm":0,"hd":false,"mn":"ADBE Vector Filter - Trim","nm":"Trim Paths 1","ix":2,"e":{"a":1,"k":[{"o":{"x":1,"y":0},"i":{"x":0,"y":1},"s":[0],"t":11.2},{"s":[100],"t":44.8}],"ix":2},"o":{"a":0,"k":-5,"ix":3},"s":{"a":1,"k":[{"o":{"x":1,"y":0},"i":{"x":0,"y":1},"s":[0],"t":4.8},{"s":[100],"t":38.4}],"ix":1},"m":1},{"ty":"st","bm":0,"hd":false,"mn":"ADBE Vector Graphic - Stroke","nm":"Stroke 1","lc":2,"lj":1,"ml":4,"o":{"a":0,"k":100,"ix":4},"w":{"a":0,"k":5,"ix":5},"c":{"a":0,"k":[0.102,0.451,0.9098],"ix":3}}],"ind":2},{"ty":4,"nm":"Element 2","sr":1,"st":2.4,"op":51.2,"ip":2.4,"hd":false,"ddd":0,"bm":0,"hasMask":false,"ao":0,"ks":{"a":{"a":0,"k":[0,0,0],"ix":1},"s":{"a":0,"k":[2193.333,2193.333,100],"ix":6},"sk":{"a":0,"k":0},"p":{"a":0,"k":[960,960,0],"ix":2},"r":{"a":0,"k":0,"ix":10},"sa":{"a":0,"k":0},"o":{"a":0,"k":100,"ix":11}},"ef":[],"shapes":[{"ty":"el","bm":0,"hd":false,"mn":"ADBE Vector Shape - Ellipse","nm":"Ellipse Path 1","d":1,"p":{"a":0,"k":[0,0],"ix":3},"s":{"a":0,"k":[59,59],"ix":2}},{"ty":"tm","bm":0,"hd":false,"mn":"ADBE Vector Filter - Trim","nm":"Trim Paths 1","ix":2,"e":{"a":1,"k":[{"o":{"x":1,"y":0},"i":{"x":0,"y":1},"s":[0],"t":8.8},{"s":[100],"t":42.4}],"ix":2},"o":{"a":0,"k":-5,"ix":3},"s":{"a":1,"k":[{"o":{"x":1,"y":0},"i":{"x":0,"y":1},"s":[0],"t":2.4},{"s":[100],"t":36}],"ix":1},"m":1},{"ty":"st","bm":0,"hd":false,"mn":"ADBE Vector Graphic - Stroke","nm":"Stroke 1","lc":2,"lj":1,"ml":4,"o":{"a":0,"k":100,"ix":4},"w":{"a":0,"k":5,"ix":5},"c":{"a":0,"k":[0,0,0],"ix":3}}],"ind":3},{"ty":4,"nm":"Element","sr":1,"st":0,"op":48.8,"ip":0,"hd":false,"ddd":0,"bm":0,"hasMask":false,"ao":0,"ks":{"a":{"a":0,"k":[0,0,0],"ix":1},"s":{"a":0,"k":[2193.333,2193.333,100],"ix":6},"sk":{"a":0,"k":0},"p":{"a":0,"k":[960,960,0],"ix":2},"r":{"a":0,"k":0,"ix":10},"sa":{"a":0,"k":0},"o":{"a":0,"k":100,"ix":11}},"ef":[],"shapes":[{"ty":"el","bm":0,"hd":false,"mn":"ADBE Vector Shape - Ellipse","nm":"Ellipse Path 1","d":1,"p":{"a":0,"k":[0,0],"ix":3},"s":{"a":0,"k":[75,75],"ix":2}},{"ty":"tm","bm":0,"hd":false,"mn":"ADBE Vector Filter - Trim","nm":"Trim Paths 1","ix":2,"e":{"a":1,"k":[{"o":{"x":1,"y":0},"i":{"x":0,"y":1},"s":[0],"t":6.4},{"s":[100],"t":40}],"ix":2},"o":{"a":0,"k":-5,"ix":3},"s":{"a":1,"k":[{"o":{"x":1,"y":0},"i":{"x":0,"y":1},"s":[0],"t":0},{"s":[100],"t":33.6}],"ix":1},"m":1},{"ty":"st","bm":0,"hd":false,"mn":"ADBE Vector Graphic - Stroke","nm":"Stroke 1","lc":2,"lj":1,"ml":4,"o":{"a":0,"k":100,"ix":4},"w":{"a":0,"k":5,"ix":5},"c":{"a":0,"k":[0.102,0.451,0.9098],"ix":3}}],"ind":4}]}]}