{"v":"5.3.4","fr":29.9700012207031,"ip":0,"op":61.0000024845809,"w":120,"h":120,"nm":"Comp 1","ddd":0,"assets":[],"layers":[{"ddd":0,"ind":1,"ty":4,"nm":"verified Outlines","sr":1,"ks":{"o":{"a":1,"k":[{"i":{"x":[0.833],"y":[0.833]},"o":{"x":[0.167],"y":[0.167]},"n":["0p833_0p833_0p167_0p167"],"t":30,"s":[0],"e":[100]},{"i":{"x":[0.833],"y":[0.833]},"o":{"x":[0.167],"y":[0.167]},"n":["0p833_0p833_0p167_0p167"],"t":45,"s":[100],"e":[0]},{"t":60.0000024438501}],"ix":11},"r":{"a":0,"k":0,"ix":10},"p":{"a":1,"k":[{"i":{"x":0.833,"y":0.833},"o":{"x":0.167,"y":0.167},"n":"0p833_0p833_0p167_0p167","t":30,"s":[60,71.25,0],"e":[60,49.75,0],"to":[0,-3.58333325386047,0],"ti":[0,-0.04166666790843,0]},{"i":{"x":0.833,"y":0.833},"o":{"x":0.167,"y":0.167},"n":"0p833_0p833_0p167_0p167","t":45,"s":[60,49.75,0],"e":[60,71.5,0],"to":[0,0.04166666790843,0],"ti":[0,-3.625,0]},{"t":60.0000024438501}],"ix":2},"a":{"a":0,"k":[256,256,0],"ix":1},"s":{"a":0,"k":[4.395,4.395,100],"ix":6}},"ao":0,"shapes":[{"ty":"gr","it":[{"ind":0,"ty":"sh","ix":1,"ks":{"a":0,"k":{"i":[[128.163,-75.55],[106.95,-87.264],[-31.365,51.052],[-101.092,-18.675],[-116.447,-24.532],[-128.163,-3.32],[-41.973,82.871],[-35.205,87.264],[-23.688000000000002,85.79899999999999],[122.305,-60.195]],"o":[[116.44800000000001,-87.264],[101.093,-81.407],[-31.365,51.052],[-106.949,-24.532],[-128.163,-12.818000000000001],[-122.305,2.538],[-39.044,85.8],[-27.529,87.264],[-20.76,82.871],[128.163,-66.052]],"v":[[122.305,-81.408],[101.093,-81.407],[-31.365,51.052],[-101.092,-18.675],[-122.305,-18.675],[-122.305,2.538],[-41.973,82.871],[-31.367,87.264],[-20.76,82.871],[122.305,-60.195]],"c":true},"ix":2},"nm":"Path 1","mn":"ADBE Vector Shape - Group","hd":false},{"ty":"fl","c":{"a":0,"k":[0.3232,0.5266,0.7168,1],"ix":4},"o":{"a":0,"k":100,"ix":5},"r":1,"nm":"Fill 1","mn":"ADBE Vector Graphic - Fill","hd":false},{"ty":"tr","p":{"a":0,"k":[255.999,255.267],"ix":2},"a":{"a":0,"k":[0,0],"ix":1},"s":{"a":0,"k":[100,100],"ix":3},"r":{"a":0,"k":0,"ix":6},"o":{"a":0,"k":100,"ix":7},"sk":{"a":0,"k":0,"ix":4},"sa":{"a":0,"k":0,"ix":5},"nm":"Transform"}],"nm":"Group 1","np":2,"cix":2,"ix":1,"mn":"ADBE Vector Group","hd":false},{"ty":"gr","it":[{"ind":0,"ty":"sh","ix":1,"ks":{"a":0,"k":{"i":[[229.371,-132.667],[68.38,-256],[-132.669,-229.371],[-256,-68.38],[-229.372,132.667],[-68.381,256],[132.667,229.371],[256,68.38]],"o":[[132.667,-229.371],[-68.381,-256],[-229.372,-132.668],[-256,68.38],[-132.668,229.371],[68.38,256],[229.371,132.667],[256,-68.38]],"v":[[181.019,-181.02],[0,-256],[-181.02,-181.02],[-256,0],[-181.02,181.019],[0,256],[181.019,181.019],[256,0]],"c":true},"ix":2},"nm":"Path 1","mn":"ADBE Vector Shape - Group","hd":false},{"ind":1,"ty":"sh","ix":2,"ks":{"a":0,"k":{"i":[[124.617,226],[-226,124.617],[-124.617,-226],[226,-124.617]],"o":[[-124.617,226],[-226,-124.617],[124.617,-226],[226,124.617]],"v":[[0,226],[-226,0],[0,-226],[226,0]],"c":true},"ix":2},"nm":"Path 2","mn":"ADBE Vector Shape - Group","hd":false},{"ty":"mm","mm":1,"nm":"Merge Paths 1","mn":"ADBE Vector Filter - Merge","hd":false},{"ty":"fl","c":{"a":0,"k":[0.3232,0.5266,0.7168,1],"ix":4},"o":{"a":0,"k":100,"ix":5},"r":1,"nm":"Fill 1","mn":"ADBE Vector Graphic - Fill","hd":false},{"ty":"tr","p":{"a":0,"k":[256,256],"ix":2},"a":{"a":0,"k":[0,0],"ix":1},"s":{"a":0,"k":[100,100],"ix":3},"r":{"a":0,"k":0,"ix":6},"o":{"a":0,"k":100,"ix":7},"sk":{"a":0,"k":0,"ix":4},"sa":{"a":0,"k":0,"ix":5},"nm":"Transform"}],"nm":"Group 2","np":4,"cix":2,"ix":2,"mn":"ADBE Vector Group","hd":false}],"ip":30.0000012219251,"op":61.0000024845809,"st":0,"bm":0,"completed":true},{"ddd":0,"ind":2,"ty":4,"nm":"mail Outlines","sr":1,"ks":{"o":{"a":0,"k":100,"ix":11},"r":{"a":0,"k":0,"ix":10},"p":{"a":0,"k":[60,56,0],"ix":2},"a":{"a":0,"k":[29,29,0],"ix":1},"s":{"a":1,"k":[{"i":{"x":[0.079,0.079,0.833],"y":[1.1,1.1,-23.282]},"o":{"x":[0.167,0.167,0.167],"y":[0.167,0.167,24.282]},"n":["0p079_1p1_0p167_0p167","0p079_1p1_0p167_0p167","0p833_-23p282_0p167_24p282"],"t":0,"s":[0,0,100],"e":[145.69,145.69,100]},{"t":30.0000012219251}],"ix":6}},"ao":0,"shapes":[{"ty":"gr","it":[{"ind":0,"ty":"sh","ix":1,"ks":{"a":0,"k":{"i":[[14.450000000000001,-15.987],[-14.5,-0.023],[14.102,15.747],[14.072999999999999,15.859],[14.371,15.986],[14.5,15.927999999999999],[14.5,-15.911]],"o":[[14.409,-15.964],[-14.5,-0.023],[14.069,15.874],[14.04,15.986],[14.442,15.986],[14.5,15.857],[14.5,-15.956999999999999]],"v":[[14.409,-15.964],[-14.5,-0.023],[14.102,15.747],[14.04,15.986],[14.371,15.986],[14.5,15.857],[14.5,-15.911]],"c":true},"ix":2},"nm":"Path 1","mn":"ADBE Vector Shape - Group","hd":false,"_render":true},{"ty":"fl","c":{"a":0,"k":[0.6902,0.9098,0.9922,1],"ix":4},"o":{"a":0,"k":100,"ix":5},"r":1,"nm":"Fill 1","mn":"ADBE Vector Graphic - Fill","hd":false,"_render":true},{"ty":"tr","p":{"a":0,"k":[43.5,42.014],"ix":2},"a":{"a":0,"k":[0,0],"ix":1},"s":{"a":0,"k":[100,100],"ix":3},"r":{"a":0,"k":0,"ix":6},"o":{"a":0,"k":100,"ix":7},"sk":{"a":0,"k":0,"ix":4},"sa":{"a":0,"k":0,"ix":5},"nm":"Transform","_render":true}],"nm":"Group 1","np":2,"cix":2,"ix":1,"mn":"ADBE Vector Group","hd":false,"_render":true},{"ty":"gr","it":[{"ind":0,"ty":"sh","ix":1,"ks":{"a":0,"k":{"i":[[-28.751,-15.987],[28.801,15.747],[28.772000000000002,15.858],[-28.672,15.986],[-28.801,15.927999999999999],[-28.801,-15.91]],"o":[[-28.71,-15.964],[28.767999999999997,15.875],[28.739,15.986],[-28.743000000000002,15.986],[-28.801,15.857],[-28.801,-15.957]],"v":[[-28.71,-15.964],[28.801,15.747],[28.739,15.986],[-28.672,15.986],[-28.801,15.857],[-28.801,-15.91]],"c":true},"ix":2},"nm":"Path 1","mn":"ADBE Vector Shape - Group","hd":false,"_render":true},{"ty":"fl","c":{"a":0,"k":[0.1674,0.5524,0.9126,1],"ix":4},"o":{"a":0,"k":100,"ix":5},"r":1,"nm":"Fill 1","mn":"ADBE Vector Graphic - Fill","hd":false,"_render":true},{"ty":"tr","p":{"a":0,"k":[28.801,42.014],"ix":2},"a":{"a":0,"k":[0,0],"ix":1},"s":{"a":0,"k":[100,100],"ix":3},"r":{"a":0,"k":0,"ix":6},"o":{"a":0,"k":100,"ix":7},"sk":{"a":0,"k":0,"ix":4},"sa":{"a":0,"k":0,"ix":5},"nm":"Transform","_render":true}],"nm":"Group 2","np":2,"cix":2,"ix":2,"mn":"ADBE Vector Group","hd":false,"_render":true},{"ty":"gr","it":[{"ty":"rc","d":1,"s":{"a":0,"k":[30.344,45.039],"ix":2},"p":{"a":1,"k":[{"i":{"x":0.667,"y":1},"o":{"x":0.333,"y":0},"n":"0p667_1_0p333_0","t":30,"s":[0,0],"e":[0,-22],"to":null,"ti":null},{"i":{"x":0.667,"y":1},"o":{"x":0.333,"y":0},"n":"0p667_1_0p333_0","t":45,"s":[0,-22],"e":[0,0],"to":[0,0],"ti":[0,-3.66666674613953]},{"t":60.0000024438501}],"ix":3},"r":{"a":0,"k":5,"ix":4},"nm":"Rectangle Path 1","mn":"ADBE Vector Shape - Rect","hd":false,"_render":true},{"ty":"st","c":{"a":0,"k":[0.851,0.8784,0.902,1],"ix":3},"o":{"a":0,"k":100,"ix":4},"w":{"a":0,"k":1,"ix":5},"lc":1,"lj":1,"ml":4,"ml2":{"a":0,"k":4,"ix":8},"nm":"Stroke 1","mn":"ADBE Vector Graphic - Stroke","hd":false,"_render":true},{"ty":"fl","c":{"a":0,"k":[1,1,1,1],"ix":4},"o":{"a":0,"k":100,"ix":5},"r":1,"nm":"Fill 1","mn":"ADBE Vector Graphic - Fill","hd":false,"_render":true},{"ty":"tr","p":{"a":0,"k":[28.365,41.925],"ix":2},"a":{"a":0,"k":[0,0],"ix":1},"s":{"a":0,"k":[100,69.625],"ix":3},"r":{"a":0,"k":0,"ix":6},"o":{"a":0,"k":100,"ix":7},"sk":{"a":0,"k":0,"ix":4},"sa":{"a":0,"k":0,"ix":5},"nm":"Transform","_render":true}],"nm":"Rectangle 1","np":3,"cix":2,"ix":3,"mn":"ADBE Vector Group","hd":false,"_render":true},{"ty":"gr","it":[{"ind":0,"ty":"sh","ix":1,"ks":{"a":0,"k":{"i":[[-29,-15.979],[29,-15.979],[29,15.979],[-29,15.979]],"o":[[-29,-15.979],[29,-15.979],[29,15.979],[-29,15.979]],"v":[[-29,-15.979],[29,-15.979],[29,15.979],[-29,15.979]],"c":true},"ix":2},"nm":"Path 1","mn":"ADBE Vector Shape - Group","hd":false,"_render":true},{"ty":"fl","c":{"a":0,"k":[0.0314,0.3412,0.6275,1],"ix":4},"o":{"a":0,"k":100,"ix":5},"r":1,"nm":"Fill 1","mn":"ADBE Vector Graphic - Fill","hd":false,"_render":true},{"ty":"tr","p":{"a":0,"k":[29,42.021],"ix":2},"a":{"a":0,"k":[0,0],"ix":1},"s":{"a":0,"k":[100,100],"ix":3},"r":{"a":0,"k":0,"ix":6},"o":{"a":0,"k":100,"ix":7},"sk":{"a":0,"k":0,"ix":4},"sa":{"a":0,"k":0,"ix":5},"nm":"Transform","_render":true}],"nm":"Group 3","np":2,"cix":2,"ix":4,"mn":"ADBE Vector Group","hd":false,"_render":true},{"ty":"gr","it":[{"ind":0,"ty":"sh","ix":1,"ks":{"a":0,"k":{"i":[[-0.813,-13.143],[-29,13.1],[-29,13.143],[29,13.143],[29,13.1],[1.861,-12.166]],"o":[[-1.861,-12.166],[-29,13.1],[-29,13.143],[29,13.143],[29,13.1],[0.813,-13.143]],"v":[[-1.861,-12.166],[-29,13.1],[-29,13.143],[29,13.143],[29,13.1],[1.861,-12.166]],"c":true},"ix":2},"nm":"Path 1","mn":"ADBE Vector Shape - Group","hd":false,"_render":true},{"ty":"fl","c":{"a":0,"k":[0.1674,0.5524,0.9126,1],"ix":4},"o":{"a":0,"k":100,"ix":5},"r":1,"nm":"Fill 1","mn":"ADBE Vector Graphic - Fill","hd":false,"_render":true},{"ty":"tr","p":{"a":0,"k":[29,12.899],"ix":2},"a":{"a":0,"k":[0,0],"ix":1},"s":{"a":0,"k":[100,100],"ix":3},"r":{"a":0,"k":0,"ix":6},"o":{"a":0,"k":100,"ix":7},"sk":{"a":0,"k":0,"ix":4},"sa":{"a":0,"k":0,"ix":5},"nm":"Transform","_render":true}],"nm":"Group 4","np":2,"cix":2,"ix":5,"mn":"ADBE Vector Group","hd":false,"_render":true}],"ip":0,"op":61.0000024845809,"st":0,"bm":0,"completed":true}],"markers":[],"__complete":true}