{"v":"5.5.10","fr":25,"ip":0,"op":75,"w":360,"h":360,"nm":"2","ddd":0,"assets":[{"id":"comp_0","layers":[{"ddd":0,"ind":1,"ty":3,"nm":"NULL CONTROL","sr":1,"ks":{"o":{"a":0,"k":0,"ix":11},"r":{"a":1,"k":[{"i":{"x":[0.47],"y":[1]},"o":{"x":[0.53],"y":[0]},"t":0,"s":[0]},{"t":49,"s":[360]}],"ix":10},"p":{"a":0,"k":[180.107,179.927,0],"ix":2},"a":{"a":0,"k":[60,60,0],"ix":1},"s":{"a":0,"k":[107,107,100],"ix":6}},"ao":0,"ip":0,"op":125,"st":0,"bm":0,"completed":true},{"ddd":0,"ind":2,"ty":4,"nm":"Layer 41 Outlines - Group 2","parent":1,"sr":1,"ks":{"o":{"a":0,"k":100,"ix":11},"r":{"a":0,"k":0,"ix":10},"p":{"a":0,"k":[107.11,116.158,0],"ix":2},"a":{"a":0,"k":[69.531,80.983,0],"ix":1},"s":{"a":0,"k":[216,216,100],"ix":6}},"ao":0,"shapes":[{"ty":"gr","it":[{"ind":0,"ty":"sh","ix":1,"ks":{"a":0,"k":{"i":[[24.477,-28.66],[20.254,-27.406],[4.281000000000002,13.054],[-13.104,12.5],[-12.040999999999999,9.716],[-15.889,7.591],[-24.632,16.336],[-25.695,19.12],[-16.95,27.863],[-15.722999999999999,28.66],[-13.633,28.394],[-12.040999999999999,25.078],[-15.965,21.155],[25.694,-1.7059999999999995],[25.694,-25.975]],"o":[[21.472,-28.66],[20.254,-4.588000000000001],[-16.319,15.717],[-12.040999999999999,11.439],[-14.165999999999999,7.591],[-16.95,8.654],[-25.695,17.397],[-24.632,20.181],[-16.419999999999998,28.394],[-14.33,28.66],[-12.040999999999999,26.801],[-13.104,24.017],[7.472999999999999,18.301000000000002],[25.694,-25.904],[25.694,-27.477]],"v":[[22.974,-28.66],[20.254,-25.904],[-16.319,15.717],[-13.104,12.5],[-13.104,8.654],[-16.95,8.654],[-24.632,16.336],[-24.632,20.181],[-16.95,27.863],[-15.026,28.66],[-13.104,27.863],[-13.104,24.017],[-15.965,21.155],[25.694,-25.904],[25.694,-25.975]],"c":true},"ix":2},"nm":"Path 1","mn":"ADBE Vector Shape - Group","hd":false,"_render":true},{"ty":"fl","c":{"a":0,"k":[0.851,0.8784,0.902,1],"ix":4},"o":{"a":0,"k":100,"ix":5},"r":1,"bm":0,"nm":"Fill 1","mn":"ADBE Vector Graphic - Fill","hd":false,"_render":true},{"ty":"tr","p":{"a":0,"k":[69.398,80.983],"ix":2},"a":{"a":0,"k":[0,0],"ix":1},"s":{"a":0,"k":[100,100],"ix":3},"r":{"a":0,"k":0,"ix":6},"o":{"a":0,"k":100,"ix":7},"sk":{"a":0,"k":0,"ix":4},"sa":{"a":0,"k":0,"ix":5},"nm":"Transform","_render":true}],"nm":"Group 2","np":2,"cix":2,"bm":0,"ix":1,"mn":"ADBE Vector Group","hd":false,"_render":true}],"ip":0,"op":125,"st":0,"bm":0,"completed":true},{"ddd":0,"ind":3,"ty":4,"nm":"Layer 41 Outlines - Group 4","parent":1,"sr":1,"ks":{"o":{"a":0,"k":100,"ix":11},"r":{"a":0,"k":0,"ix":10},"p":{"a":0,"k":[84.994,-33.292,0],"ix":2},"a":{"a":0,"k":[59.292,11.793,0],"ix":1},"s":{"a":0,"k":[216,216,100],"ix":6}},"ao":0,"shapes":[{"ty":"gr","it":[{"ind":0,"ty":"sh","ix":1,"ks":{"a":0,"k":{"i":[[-2.226,2.36],[-0.592,2.803],[-0.14400000000000002,2.887],[2.401,2.067],[2.201,-2.101],[0.65,-2.495],[-2.294,-2.032]],"o":[[-0.776,2.755],[-0.366,2.86],[1.294,2.887],[3.083,-0.621],[0.746,-2.47],[-0.799,-2.888],[-3.082,0.8670000000000001]],"v":[[-0.776,2.755],[-0.592,2.803],[0.077,2.887],[2.714,0.835],[0.746,-2.47],[0.65,-2.495],[-2.689,-0.582]],"c":true},"ix":2},"nm":"Path 1","mn":"ADBE Vector Shape - Group","hd":false,"_render":true},{"ty":"fl","c":{"a":0,"k":[0.851,0.8784,0.902,1],"ix":4},"o":{"a":0,"k":100,"ix":5},"r":1,"bm":0,"nm":"Fill 1","mn":"ADBE Vector Graphic - Fill","hd":false,"_render":true},{"ty":"tr","p":{"a":0,"k":[59.242,11.743],"ix":2},"a":{"a":0,"k":[0,0],"ix":1},"s":{"a":1,"k":[{"i":{"x":[0.315,0.315],"y":[1,1]},"o":{"x":[0.27,0.27],"y":[0,0]},"t":11,"s":[0,0]},{"i":{"x":[0.729,0.729],"y":[1,1]},"o":{"x":[0.68,0.68],"y":[0,0]},"t":26,"s":[100,100]},{"t":42,"s":[0,0]}],"ix":3},"r":{"a":0,"k":0,"ix":6},"o":{"a":0,"k":100,"ix":7},"sk":{"a":0,"k":0,"ix":4},"sa":{"a":0,"k":0,"ix":5},"nm":"Transform","_render":true}],"nm":"Group 4","np":2,"cix":2,"bm":0,"ix":1,"mn":"ADBE Vector Group","hd":false,"_render":true}],"ip":0,"op":125,"st":0,"bm":0,"completed":true},{"ddd":0,"ind":4,"ty":4,"nm":"Layer 41 Outlines - Group 3","parent":1,"sr":1,"ks":{"o":{"a":0,"k":100,"ix":11},"r":{"a":0,"k":0,"ix":10},"p":{"a":0,"k":[108.341,-23.731,0],"ix":2},"a":{"a":0,"k":[70.101,16.22,0],"ix":1},"s":{"a":0,"k":[216,216,100],"ix":6}},"ao":0,"shapes":[{"ty":"gr","it":[{"ind":0,"ty":"sh","ix":1,"ks":{"a":0,"k":{"i":[[-2.643,1.8279999999999998],[-0.43200000000000005,2.948],[1.877,2.468],[2.7110000000000003,-1.3559999999999999],[1.263,-2.206],[-1.654,-2.4699999999999998]],"o":[[-0.9059999999999999,2.828],[0.9700000000000001,2.948],[3.145,0.31000000000000005],[1.415,-2.117],[-0.04100000000000015,-2.948],[-3.1449999999999996,0.139]],"v":[[-1.339,2.573],[0.036,2.948],[2.383,1.604],[1.415,-2.117],[1.263,-2.206],[-2.401,-1.165]],"c":true},"ix":2},"nm":"Path 1","mn":"ADBE Vector Shape - Group","hd":false,"_render":true},{"ty":"fl","c":{"a":0,"k":[0.851,0.8784,0.902,1],"ix":4},"o":{"a":0,"k":100,"ix":5},"r":1,"bm":0,"nm":"Fill 1","mn":"ADBE Vector Graphic - Fill","hd":false,"_render":true},{"ty":"tr","p":{"a":0,"k":[70.051,16.17],"ix":2},"a":{"a":0,"k":[0,0],"ix":1},"s":{"a":1,"k":[{"i":{"x":[0.315,0.315],"y":[1,1]},"o":{"x":[0.27,0.27],"y":[0,0]},"t":9,"s":[0,0]},{"i":{"x":[0.729,0.729],"y":[1,1]},"o":{"x":[0.68,0.68],"y":[0,0]},"t":24,"s":[100,100]},{"t":40,"s":[0,0]}],"ix":3},"r":{"a":0,"k":0,"ix":6},"o":{"a":0,"k":100,"ix":7},"sk":{"a":0,"k":0,"ix":4},"sa":{"a":0,"k":0,"ix":5},"nm":"Transform","_render":true}],"nm":"Group 3","np":2,"cix":2,"bm":0,"ix":1,"mn":"ADBE Vector Group","hd":false,"_render":true}],"ip":0,"op":125,"st":0,"bm":0,"completed":true},{"ddd":0,"ind":5,"ty":4,"nm":"Layer 41 Outlines - Group 6","parent":1,"sr":1,"ks":{"o":{"a":0,"k":100,"ix":11},"r":{"a":0,"k":0,"ix":10},"p":{"a":0,"k":[128.271,-8.252,0],"ix":2},"a":{"a":0,"k":[79.328,23.386,0],"ix":1},"s":{"a":0,"k":[216,216,100],"ix":6}},"ao":0,"shapes":[{"ty":"gr","it":[{"ind":0,"ty":"sh","ix":1,"ks":{"a":0,"k":{"i":[[-1.872,2.108],[-0.6459999999999999,2.904],[1.444,2.6390000000000002],[3.037,-0.677],[1.873,-1.841],[-0.913,-2.904],[-3.037,0.944]],"o":[[-1.3410000000000002,2.6390000000000002],[0.746,2.904],[3.037,1.046],[1.973,-1.739],[0.812,-2.904],[-3.037,-0.7789999999999999],[-1.975,2.005]],"v":[[-1.872,2.108],[0.051,2.904],[1.973,2.108],[1.973,-1.739],[1.873,-1.841],[-1.975,-1.841],[-1.975,2.005]],"c":true},"ix":2},"nm":"Path 1","mn":"ADBE Vector Shape - Group","hd":false,"_render":true},{"ty":"fl","c":{"a":0,"k":[0.851,0.8784,0.902,1],"ix":4},"o":{"a":0,"k":100,"ix":5},"r":1,"bm":0,"nm":"Fill 1","mn":"ADBE Vector Graphic - Fill","hd":false,"_render":true},{"ty":"tr","p":{"a":0,"k":[79.278,23.336],"ix":2},"a":{"a":0,"k":[0,0],"ix":1},"s":{"a":1,"k":[{"i":{"x":[0.315,0.315],"y":[1,1]},"o":{"x":[0.27,0.27],"y":[0,0]},"t":7,"s":[0,0]},{"i":{"x":[0.729,0.729],"y":[1,1]},"o":{"x":[0.68,0.68],"y":[0,0]},"t":22,"s":[100,100]},{"t":38,"s":[0,0]}],"ix":3},"r":{"a":0,"k":0,"ix":6},"o":{"a":0,"k":100,"ix":7},"sk":{"a":0,"k":0,"ix":4},"sa":{"a":0,"k":0,"ix":5},"nm":"Transform","_render":true}],"nm":"Group 6","np":2,"cix":2,"bm":0,"ix":1,"mn":"ADBE Vector Group","hd":false,"_render":true}],"ip":0,"op":125,"st":0,"bm":0,"completed":true},{"ddd":0,"ind":6,"ty":4,"nm":"Layer 41 Outlines - Group 7","parent":1,"sr":1,"ks":{"o":{"a":0,"k":100,"ix":11},"r":{"a":0,"k":0,"ix":10},"p":{"a":0,"k":[143.624,11.598,0],"ix":2},"a":{"a":0,"k":[86.435,32.576,0],"ix":1},"s":{"a":0,"k":[216,216,100],"ix":6}},"ao":0,"shapes":[{"ty":"gr","it":[{"ind":0,"ty":"sh","ix":1,"ks":{"a":0,"k":{"i":[[-2.299,1.649],[-0.888,2.977],[0.9930000000000001,2.853],[3.142,0.15200000000000014],[2.326,-1.217],[-0.08099999999999996,-2.976],[-3.143,0.17700000000000005]],"o":[[-1.791,2.503],[0.513,2.977],[2.721,1.822],[2.371,-1.138],[1.58,-2.5220000000000002],[-2.69,-1.484],[-2.399,1.482]],"v":[[-2.299,1.649],[0.038,2.977],[1.429,2.591],[2.371,-1.138],[2.326,-1.217],[-1.384,-2.23],[-2.399,1.482]],"c":true},"ix":2},"nm":"Path 1","mn":"ADBE Vector Shape - Group","hd":false,"_render":true},{"ty":"fl","c":{"a":0,"k":[0.851,0.8784,0.902,1],"ix":4},"o":{"a":0,"k":100,"ix":5},"r":1,"bm":0,"nm":"Fill 1","mn":"ADBE Vector Graphic - Fill","hd":false,"_render":true},{"ty":"tr","p":{"a":0,"k":[86.385,32.526],"ix":2},"a":{"a":0,"k":[0,0],"ix":1},"s":{"a":1,"k":[{"i":{"x":[0.315,0.315],"y":[1,1]},"o":{"x":[0.27,0.27],"y":[0,0]},"t":5,"s":[0,0]},{"i":{"x":[0.729,0.729],"y":[1,1]},"o":{"x":[0.68,0.68],"y":[0,0]},"t":20,"s":[100,100]},{"t":36,"s":[0,0]}],"ix":3},"r":{"a":0,"k":0,"ix":6},"o":{"a":0,"k":100,"ix":7},"sk":{"a":0,"k":0,"ix":4},"sa":{"a":0,"k":0,"ix":5},"nm":"Transform","_render":true}],"nm":"Group 7","np":2,"cix":2,"bm":0,"ix":1,"mn":"ADBE Vector Group","hd":false,"_render":true}],"ip":0,"op":125,"st":0,"bm":0,"completed":true},{"ddd":0,"ind":7,"ty":4,"nm":"Layer 41 Outlines - Group 5","parent":1,"sr":1,"ks":{"o":{"a":0,"k":100,"ix":11},"r":{"a":0,"k":0,"ix":10},"p":{"a":0,"k":[153.278,34.96,0],"ix":2},"a":{"a":0,"k":[90.905,43.392,0],"ix":1},"s":{"a":0,"k":[216,216,100],"ix":6}},"ao":0,"shapes":[{"ty":"gr","it":[{"ind":0,"ty":"sh","ix":1,"ks":{"a":0,"k":{"i":[[-3.0380000000000003,-0.66],[-2.607,0.931],[-1.181,2.938],[0.492,2.908],[3.038,0.955],[2.605,-0.634],[0.718,-2.938]],"o":[[-2.645,0.791],[-2.278,2.1420000000000003],[0.252,2.938],[2.18,2.449],[2.643,-0.495],[2.2119999999999997,-2.083],[-2.181,-2.154]],"v":[[-2.645,0.791],[-2.607,0.931],[0.017,2.938],[0.731,2.843],[2.643,-0.495],[2.605,-0.634],[-0.732,-2.547]],"c":true},"ix":2},"nm":"Path 1","mn":"ADBE Vector Shape - Group","hd":false,"_render":true},{"ty":"fl","c":{"a":0,"k":[0.851,0.8784,0.902,1],"ix":4},"o":{"a":0,"k":100,"ix":5},"r":1,"bm":0,"nm":"Fill 1","mn":"ADBE Vector Graphic - Fill","hd":false,"_render":true},{"ty":"tr","p":{"a":0,"k":[90.855,43.342],"ix":2},"a":{"a":0,"k":[0,0],"ix":1},"s":{"a":1,"k":[{"i":{"x":[0.315,0.315],"y":[1,1]},"o":{"x":[0.27,0.27],"y":[0,0]},"t":3,"s":[0,0]},{"i":{"x":[0.729,0.729],"y":[1,1]},"o":{"x":[0.68,0.68],"y":[0,0]},"t":18,"s":[100,100]},{"t":34,"s":[0,0]}],"ix":3},"r":{"a":0,"k":0,"ix":6},"o":{"a":0,"k":100,"ix":7},"sk":{"a":0,"k":0,"ix":4},"sa":{"a":0,"k":0,"ix":5},"nm":"Transform","_render":true}],"nm":"Group 5","np":2,"cix":2,"bm":0,"ix":1,"mn":"ADBE Vector Group","hd":false,"_render":true}],"ip":0,"op":125,"st":0,"bm":0,"completed":true},{"ddd":0,"ind":8,"ty":4,"nm":"Layer 41 Outlines - Group 8","parent":1,"sr":1,"ks":{"o":{"a":0,"k":100,"ix":11},"r":{"a":0,"k":0,"ix":10},"p":{"a":0,"k":[12.675,4.254,0],"ix":2},"a":{"a":0,"k":[25.811,29.176,0],"ix":1},"s":{"a":0,"k":[216,216,100],"ix":6}},"ao":0,"shapes":[{"ty":"gr","it":[{"ind":0,"ty":"sh","ix":1,"ks":{"a":0,"k":{"i":[[-20.254,27.539],[-4.282,-12.922],[13.103,-12.367],[12.041,-9.583],[14.331,-7.724],[16.418,-7.989000000000001],[24.631,-16.202],[25.694,-18.987],[16.95,-27.73],[14.164,-28.793],[12.041,-24.945],[15.964,-21.023],[-25.694,1.8399999999999999],[-25.694,26.109],[-24.476,28.793]],"o":[[-20.254,4.722000000000001],[16.32,-15.584],[12.041,-11.306000000000001],[13.635,-7.989000000000001],[15.722,-7.724],[16.95,-8.521],[25.694,-17.264000000000003],[24.631,-20.049],[15.889,-28.793],[12.041,-26.668],[13.103,-23.883],[-7.473999999999998,-18.168],[-25.694,26.036],[-25.694,27.610000000000003],[-21.472,28.793]],"v":[[-20.254,26.036],[16.32,-15.584],[13.103,-12.367],[13.103,-8.521],[15.026,-7.724],[16.95,-8.521],[24.631,-16.202],[24.631,-20.049],[16.95,-27.73],[13.103,-27.73],[13.103,-23.883],[15.964,-21.023],[-25.694,26.036],[-25.694,26.109],[-22.974,28.793]],"c":true},"ix":2},"nm":"Path 1","mn":"ADBE Vector Shape - Group","hd":false,"_render":true},{"ty":"fl","c":{"a":0,"k":[0.1255,0.1529,0.1725,1],"ix":4},"o":{"a":0,"k":100,"ix":5},"r":1,"bm":0,"nm":"Fill 1","mn":"ADBE Vector Graphic - Fill","hd":false,"_render":true},{"ty":"tr","p":{"a":0,"k":[25.944,29.043],"ix":2},"a":{"a":0,"k":[0,0],"ix":1},"s":{"a":0,"k":[100,100],"ix":3},"r":{"a":0,"k":0,"ix":6},"o":{"a":0,"k":100,"ix":7},"sk":{"a":0,"k":0,"ix":4},"sa":{"a":0,"k":0,"ix":5},"nm":"Transform","_render":true}],"nm":"Group 8","np":2,"cix":2,"bm":0,"ix":1,"mn":"ADBE Vector Group","hd":false,"_render":true}],"ip":0,"op":125,"st":0,"bm":0,"completed":true},{"ddd":0,"ind":9,"ty":4,"nm":"Layer 41 Outlines - Group 11","parent":1,"sr":1,"ks":{"o":{"a":0,"k":100,"ix":11},"r":{"a":0,"k":0,"ix":10},"p":{"a":0,"k":[-33.278,85.03,0],"ix":2},"a":{"a":0,"k":[4.536,66.572,0],"ix":1},"s":{"a":0,"k":[216,216,100],"ix":6}},"ao":0,"shapes":[{"ty":"gr","it":[{"ind":0,"ty":"sh","ix":1,"ks":{"a":0,"k":{"i":[[3.039,0.955],[2.605,-0.635],[0.7200000000000001,-2.938],[-3.039,-0.6599999999999999],[-2.606,0.93],[-1.181,2.938],[0.493,2.906]],"o":[[2.644,-0.495],[2.2119999999999997,-2.085],[-2.181,-2.154],[-2.645,0.79],[-2.2769999999999997,2.141],[0.252,2.938],[2.181,2.449]],"v":[[2.644,-0.495],[2.605,-0.635],[-0.731,-2.548],[-2.645,0.79],[-2.606,0.93],[0.017,2.938],[0.73,2.843]],"c":true},"ix":2},"nm":"Path 1","mn":"ADBE Vector Shape - Group","hd":false,"_render":true},{"ty":"fl","c":{"a":0,"k":[0.1255,0.1529,0.1725,1],"ix":4},"o":{"a":0,"k":100,"ix":5},"r":1,"bm":0,"nm":"Fill 1","mn":"ADBE Vector Graphic - Fill","hd":false,"_render":true},{"ty":"tr","p":{"a":0,"k":[4.486,66.522],"ix":2},"a":{"a":0,"k":[0,0],"ix":1},"s":{"a":1,"k":[{"i":{"x":[0.315,0.315],"y":[1,1]},"o":{"x":[0.27,0.27],"y":[0,0]},"t":3,"s":[0,0]},{"i":{"x":[0.73,0.73],"y":[1,1]},"o":{"x":[0.68,0.68],"y":[0,0]},"t":18,"s":[100,100]},{"t":34,"s":[0,0]}],"ix":3},"r":{"a":0,"k":0,"ix":6},"o":{"a":0,"k":100,"ix":7},"sk":{"a":0,"k":0,"ix":4},"sa":{"a":0,"k":0,"ix":5},"nm":"Transform","_render":true}],"nm":"Group 11","np":2,"cix":2,"bm":0,"ix":1,"mn":"ADBE Vector Group","hd":false,"_render":true}],"ip":0,"op":125,"st":0,"bm":0,"completed":true},{"ddd":0,"ind":10,"ty":4,"nm":"Layer 41 Outlines - Group 12","parent":1,"sr":1,"ks":{"o":{"a":0,"k":100,"ix":11},"r":{"a":0,"k":0,"ix":10},"p":{"a":0,"k":[-23.622,108.196,0],"ix":2},"a":{"a":0,"k":[9.007,77.297,0],"ix":1},"s":{"a":0,"k":[216,216,100],"ix":6}},"ao":0,"shapes":[{"ty":"gr","it":[{"ind":0,"ty":"sh","ix":1,"ks":{"a":0,"k":{"i":[[2.299,-1.263],[-0.1399999999999999,-2.975],[-3.143,0.23399999999999999],[-2.326,1.606],[-0.9069999999999999,2.975],[0.9590000000000001,2.86],[3.144,0.20999999999999996]],"o":[[1.529,-2.554],[-2.722,-1.4340000000000002],[-2.372,1.523],[-1.824,2.484],[0.495,2.975],[2.689,1.8719999999999999],[2.398,-1.094]],"v":[[2.299,-1.263],[-1.432,-2.204],[-2.372,1.523],[-2.326,1.606],[0.036,2.975],[1.385,2.617],[2.398,-1.094]],"c":true},"ix":2},"nm":"Path 1","mn":"ADBE Vector Shape - Group","hd":false,"_render":true},{"ty":"fl","c":{"a":0,"k":[0.1255,0.1529,0.1725,1],"ix":4},"o":{"a":0,"k":100,"ix":5},"r":1,"bm":0,"nm":"Fill 1","mn":"ADBE Vector Graphic - Fill","hd":false,"_render":true},{"ty":"tr","p":{"a":0,"k":[8.957,77.247],"ix":2},"a":{"a":0,"k":[0,0],"ix":1},"s":{"a":1,"k":[{"i":{"x":[0.315,0.315],"y":[1,1]},"o":{"x":[0.27,0.27],"y":[0,0]},"t":5,"s":[0,0]},{"i":{"x":[0.73,0.73],"y":[1,1]},"o":{"x":[0.68,0.68],"y":[0,0]},"t":20,"s":[100,100]},{"t":36,"s":[0,0]}],"ix":3},"r":{"a":0,"k":0,"ix":6},"o":{"a":0,"k":100,"ix":7},"sk":{"a":0,"k":0,"ix":4},"sa":{"a":0,"k":0,"ix":5},"nm":"Transform","_render":true}],"nm":"Group 12","np":2,"cix":2,"bm":0,"ix":1,"mn":"ADBE Vector Group","hd":false,"_render":true}],"ip":0,"op":125,"st":0,"bm":0,"completed":true},{"ddd":0,"ind":11,"ty":4,"nm":"Layer 41 Outlines - Group 13","parent":1,"sr":1,"ks":{"o":{"a":0,"k":100,"ix":11},"r":{"a":0,"k":0,"ix":10},"p":{"a":0,"k":[-8.27,128.304,0],"ix":2},"a":{"a":0,"k":[16.114,86.606,0],"ix":1},"s":{"a":0,"k":[216,216,100],"ix":6}},"ao":0,"shapes":[{"ty":"gr","it":[{"ind":0,"ty":"sh","ix":1,"ks":{"a":0,"k":{"i":[[1.872,-1.841],[-0.913,-2.904],[-3.037,0.9430000000000001],[-1.872,2.108],[-0.6449999999999999,2.904],[1.444,2.638],[3.037,-0.677]],"o":[[0.81,-2.904],[-3.037,-0.7789999999999999],[-1.974,2.004],[-1.3410000000000002,2.638],[0.747,2.904],[3.037,1.0450000000000002],[1.976,-1.74]],"v":[[1.872,-1.841],[-1.974,-1.841],[-1.974,2.004],[-1.872,2.108],[0.051,2.904],[1.976,2.108],[1.976,-1.74]],"c":true},"ix":2},"nm":"Path 1","mn":"ADBE Vector Shape - Group","hd":false,"_render":true},{"ty":"fl","c":{"a":0,"k":[0.1255,0.1529,0.1725,1],"ix":4},"o":{"a":0,"k":100,"ix":5},"r":1,"bm":0,"nm":"Fill 1","mn":"ADBE Vector Graphic - Fill","hd":false,"_render":true},{"ty":"tr","p":{"a":0,"k":[16.064,86.556],"ix":2},"a":{"a":0,"k":[0,0],"ix":1},"s":{"a":1,"k":[{"i":{"x":[0.315,0.315],"y":[1,1]},"o":{"x":[0.27,0.27],"y":[0,0]},"t":7,"s":[0,0]},{"i":{"x":[0.73,0.73],"y":[1,1]},"o":{"x":[0.68,0.68],"y":[0,0]},"t":22,"s":[100,100]},{"t":38,"s":[0,0]}],"ix":3},"r":{"a":0,"k":0,"ix":6},"o":{"a":0,"k":100,"ix":7},"sk":{"a":0,"k":0,"ix":4},"sa":{"a":0,"k":0,"ix":5},"nm":"Transform","_render":true}],"nm":"Group 13","np":2,"cix":2,"bm":0,"ix":1,"mn":"ADBE Vector Group","hd":false,"_render":true}],"ip":0,"op":125,"st":0,"bm":0,"completed":true},{"ddd":0,"ind":12,"ty":4,"nm":"Layer 41 Outlines - Group 10","parent":1,"sr":1,"ks":{"o":{"a":0,"k":100,"ix":11},"r":{"a":0,"k":0,"ix":10},"p":{"a":0,"k":[11.662,143.517,0],"ix":2},"a":{"a":0,"k":[25.342,93.649,0],"ix":1},"s":{"a":0,"k":[216,216,100],"ix":6}},"ao":0,"shapes":[{"ty":"gr","it":[{"ind":0,"ty":"sh","ix":1,"ks":{"a":0,"k":{"i":[[2.644,-1.439],[-1.6239999999999997,-2.512],[-2.7119999999999997,1.746],[-1.263,2.595],[-0.395,2.947],[1.8949999999999998,2.442]],"o":[[0.04600000000000004,-2.948],[-3.146,0.07899999999999996],[-1.417,2.507],[-0.8439999999999999,2.835],[0.9860000000000001,2.947],[3.146,0.252]],"v":[[1.34,-2.185],[-2.385,-1.215],[-1.417,2.507],[-1.263,2.595],[0.049,2.947],[2.401,1.556]],"c":true},"ix":2},"nm":"Path 1","mn":"ADBE Vector Shape - Group","hd":false,"_render":true},{"ty":"fl","c":{"a":0,"k":[0.1255,0.1529,0.1725,1],"ix":4},"o":{"a":0,"k":100,"ix":5},"r":1,"bm":0,"nm":"Fill 1","mn":"ADBE Vector Graphic - Fill","hd":false,"_render":true},{"ty":"tr","p":{"a":0,"k":[25.292,93.599],"ix":2},"a":{"a":0,"k":[0,0],"ix":1},"s":{"a":1,"k":[{"i":{"x":[0.315,0.315],"y":[1,1]},"o":{"x":[0.27,0.27],"y":[0,0]},"t":9,"s":[0,0]},{"i":{"x":[0.73,0.73],"y":[1,1]},"o":{"x":[0.68,0.68],"y":[0,0]},"t":24,"s":[100,100]},{"t":40,"s":[0,0]}],"ix":3},"r":{"a":0,"k":0,"ix":6},"o":{"a":0,"k":100,"ix":7},"sk":{"a":0,"k":0,"ix":4},"sa":{"a":0,"k":0,"ix":5},"nm":"Transform","_render":true}],"nm":"Group 10","np":2,"cix":2,"bm":0,"ix":1,"mn":"ADBE Vector Group","hd":false,"_render":true}],"ip":0,"op":125,"st":0,"bm":0,"completed":true},{"ddd":0,"ind":13,"ty":4,"nm":"Layer 41 Outlines - Group 9","parent":1,"sr":1,"ks":{"o":{"a":0,"k":100,"ix":11},"r":{"a":0,"k":0,"ix":10},"p":{"a":0,"k":[35.008,153.292,0],"ix":2},"a":{"a":0,"k":[36.15,98.175,0],"ix":1},"s":{"a":0,"k":[216,216,100],"ix":6}},"ao":0,"shapes":[{"ty":"gr","it":[{"ind":0,"ty":"sh","ix":1,"ks":{"a":0,"k":{"i":[[2.2270000000000003,-2.072],[0.592,-2.514],[-2.345,-2.0010000000000003],[-2.202,2.389],[-0.65,2.785],[-0.17099999999999999,2.882],[2.361,2.084]],"o":[[0.776,-2.465],[-0.864,-2.8819999999999997],[-3.082,0.911],[-0.746,2.759],[-0.41200000000000003,2.85],[1.2630000000000001,2.882],[3.083,-0.5780000000000001]],"v":[[0.776,-2.465],[0.592,-2.514],[-2.713,-0.546],[-0.746,2.759],[-0.65,2.785],[0.064,2.882],[2.689,0.873]],"c":true},"ix":2},"nm":"Path 1","mn":"ADBE Vector Shape - Group","hd":false,"_render":true},{"ty":"fl","c":{"a":0,"k":[0.1255,0.1529,0.1725,1],"ix":4},"o":{"a":0,"k":100,"ix":5},"r":1,"bm":0,"nm":"Fill 1","mn":"ADBE Vector Graphic - Fill","hd":false,"_render":true},{"ty":"tr","p":{"a":0,"k":[36.1,98.125],"ix":2},"a":{"a":0,"k":[0,0],"ix":1},"s":{"a":1,"k":[{"i":{"x":[0.315,0.315],"y":[1,1]},"o":{"x":[0.27,0.27],"y":[0,0]},"t":11,"s":[0,0]},{"i":{"x":[0.73,0.73],"y":[1,1]},"o":{"x":[0.68,0.68],"y":[0,0]},"t":26,"s":[100,100]},{"t":42,"s":[0,0]}],"ix":3},"r":{"a":0,"k":0,"ix":6},"o":{"a":0,"k":100,"ix":7},"sk":{"a":0,"k":0,"ix":4},"sa":{"a":0,"k":0,"ix":5},"nm":"Transform","_render":true}],"nm":"Group 9","np":2,"cix":2,"bm":0,"ix":1,"mn":"ADBE Vector Group","hd":false,"_render":true}],"ip":0,"op":125,"st":0,"bm":0,"completed":true},{"ddd":0,"ind":14,"ty":4,"nm":"Layer 43 Outlines","sr":1,"ks":{"o":{"a":0,"k":100,"ix":11},"r":{"a":0,"k":0,"ix":10},"p":{"a":0,"k":[179.894,180.132,0],"ix":2},"a":{"a":0,"k":[15.082,27.502,0],"ix":1},"s":{"a":0,"k":[216,216,100],"ix":6}},"ao":0,"shapes":[{"ty":"gr","it":[{"ind":0,"ty":"sh","ix":1,"ks":{"a":0,"k":{"i":[[5.682,13.847999999999999],[3.581,15.824999999999998],[2.798,4.969],[4.31,6.012],[6.148,8.993]],"o":[[4.24,15.431999999999999],[2.798,16.08],[3.648,5.488],[5.691,7.5809999999999995],[6.148,12.483]],"v":[[4.748,14.873],[2.798,16.08],[2.798,4.969],[4.778,6.544],[6.148,10.779]],"c":true},"ix":2},"nm":"Path 1","mn":"ADBE Vector Shape - Group","hd":false,"_render":true},{"ind":1,"ty":"sh","ix":2,"ks":{"a":0,"k":{"i":[[-3.4210000000000003,-6.541],[-5.306,-9.074],[-4.845,-13.605],[-3.085,-15.489],[-2.582,-5.922]],"o":[[-4.783,-7.823],[-5.306,-12.235999999999999],[-3.5429999999999997,-15.154],[-2.582,-15.755],[-3.0309999999999997,-6.234999999999999]],"v":[[-3.736,-6.836],[-5.306,-10.594],[-3.921,-14.704],[-2.582,-15.755],[-2.582,-5.922]],"c":true},"ix":2},"nm":"Path 2","mn":"ADBE Vector Shape - Group","hd":false,"_render":true},{"ind":2,"ty":"sh","ix":3,"ks":{"a":0,"k":{"i":[[13.719,4.046],[6.561999999999999,-1.829],[2.798,-15.75],[3.9610000000000003,-15.068],[5.784000000000001,-12.139],[6.481,-9.269],[14.402,-9.269],[14.463,-9.453],[13.262,-16.907],[5.9239999999999995,-22.465],[2.71,-26.5],[2.375,-27.252],[-1.903,-27.252],[-2.663,-26.905],[-2.582,-22.875],[-7.976,-21.381999999999998],[-13.991,-14.299],[-12.831,-4.055],[-5.973,1.1920000000000002],[-2.582,15.849],[-3.9719999999999995,15.128],[-6.037,11.841999999999999],[-6.721,8.498],[-14.668,8.498],[-14.73,8.685],[-13.373999999999999,17.137999999999998],[-5.515,22.381999999999998],[-2.582,26.5],[-2.246,27.252],[1.975,27.252],[2.717,26.924],[2.798,22.943],[8.789,21.569000000000003],[14.832,14.556000000000001]],"o":[[9.466,-0.1479999999999999],[2.798,-3.198],[3.4130000000000003,-15.455],[5.28,-13.541],[5.971,-9.735999999999999],[7.087,-9.269],[14.402,-9.269],[14.545,-13.6],[8.535,-21.304000000000002],[2.71,-22.881],[2.71,-26.915],[1.96,-27.252],[-2.324,-27.252],[-2.655,-26.485],[-5.493,-22.468],[-12.667,-17.291999999999998],[-13.991,-6.929],[-8.626,-0.33299999999999974],[-2.582,2.576],[-3.3249999999999997,15.543000000000001],[-5.476999999999999,13.5],[-6.2059999999999995,8.978],[-7.335,8.498],[-14.668,8.498],[-14.833,13.529],[-8.107,21.275],[-2.582,22.831],[-2.582,26.915],[-1.832,27.252],[2.384,27.252],[2.725,26.516],[6.074,22.617],[13.530000000000001,17.575],[14.832,7.0009999999999994]],"v":[[11.491,1.848],[2.798,-3.198],[2.798,-15.75],[4.41,-14.549],[5.924,-10.341],[7.087,-9.269],[14.402,-9.269],[14.463,-9.453],[10.613,-19.37],[2.71,-22.881],[2.71,-26.5],[1.96,-27.252],[-1.903,-27.252],[-2.655,-26.485],[-2.582,-22.875],[-10.019,-19.601],[-13.991,-10.625],[-10.511,-2.002],[-2.582,2.576],[-2.582,15.849],[-4.491,14.567],[-6.17,9.591],[-7.335,8.498],[-14.668,8.498],[-14.73,8.685],[-10.356,19.508],[-2.582,22.831],[-2.582,26.5],[-1.832,27.252],[1.975,27.252],[2.725,26.516],[2.798,22.943],[10.923,19.771],[14.832,10.718]],"c":true},"ix":2},"nm":"Path 3","mn":"ADBE Vector Shape - Group","hd":false,"_render":true},{"ty":"mm","mm":1,"nm":"Merge Paths 1","mn":"ADBE Vector Filter - Merge","hd":false,"_render":true},{"ty":"fl","c":{"a":0,"k":[0.851,0.8784,0.902,1],"ix":4},"o":{"a":0,"k":100,"ix":5},"r":1,"bm":0,"nm":"Fill 1","mn":"ADBE Vector Graphic - Fill","hd":false,"_render":true},{"ty":"tr","p":{"a":0,"k":[15.082,27.502],"ix":2},"a":{"a":0,"k":[0,0],"ix":1},"s":{"a":0,"k":[100,100],"ix":3},"r":{"a":0,"k":0,"ix":6},"o":{"a":0,"k":100,"ix":7},"sk":{"a":0,"k":0,"ix":4},"sa":{"a":0,"k":0,"ix":5},"nm":"Transform","_render":true}],"nm":"Group 1","np":5,"cix":2,"bm":0,"ix":1,"mn":"ADBE Vector Group","hd":false,"_render":true}],"ip":0,"op":125,"st":0,"bm":0,"completed":true},{"ddd":0,"ind":15,"ty":4,"nm":"Layer 44 Outlines","sr":1,"ks":{"o":{"a":0,"k":100,"ix":11},"r":{"a":0,"k":0,"ix":10},"p":{"a":0,"k":[179.999,180.133,0],"ix":2},"a":{"a":0,"k":[33.283,33.283,0],"ix":1},"s":{"a":0,"k":[216,216,100],"ix":6}},"ao":0,"shapes":[{"ty":"gr","it":[{"ind":0,"ty":"sh","ix":1,"ks":{"a":0,"k":{"i":[[33.033,18.244],[18.243,-33.033],[-33.033,-18.244],[-18.243,33.033]],"o":[[33.033,-18.244],[-18.243,-33.033],[-33.033,18.244],[18.243,33.033]],"v":[[33.033,0],[0,-33.033],[-33.033,0],[0,33.033]],"c":true},"ix":2},"nm":"Path 1","mn":"ADBE Vector Shape - Group","hd":false,"_render":true},{"ty":"fl","c":{"a":0,"k":[0.1255,0.1529,0.1725,1],"ix":4},"o":{"a":0,"k":100,"ix":5},"r":1,"bm":0,"nm":"Fill 1","mn":"ADBE Vector Graphic - Fill","hd":false,"_render":true},{"ty":"tr","p":{"a":0,"k":[33.283,33.283],"ix":2},"a":{"a":0,"k":[0,0],"ix":1},"s":{"a":0,"k":[100,100],"ix":3},"r":{"a":0,"k":0,"ix":6},"o":{"a":0,"k":100,"ix":7},"sk":{"a":0,"k":0,"ix":4},"sa":{"a":0,"k":0,"ix":5},"nm":"Transform","_render":true}],"nm":"Group 1","np":2,"cix":2,"bm":0,"ix":1,"mn":"ADBE Vector Group","hd":false,"_render":true}],"ip":0,"op":125,"st":0,"bm":0,"completed":true}]},{"id":"comp_1","layers":[{"ddd":0,"ind":1,"ty":4,"nm":"Layer 39 Outlines","sr":1,"ks":{"o":{"a":0,"k":100,"ix":11},"r":{"a":0,"k":0,"ix":10},"p":{"a":0,"k":[179.378,182.751,0],"ix":2},"a":{"a":0,"k":[89.724,89.724,0],"ix":1},"s":{"a":0,"k":[170,170,100],"ix":6}},"ao":0,"shapes":[{"ty":"gr","it":[{"ind":0,"ty":"sh","ix":1,"ks":{"a":0,"k":{"i":[[0,49.415],[49.415,0],[0,-49.415],[-49.415,0]],"o":[[0,-49.415],[-49.415,0],[0,49.415],[49.415,0]],"v":[[89.474,0],[0,-89.474],[-89.474,0],[0,89.474]],"c":true},"ix":2},"nm":"Path 1","mn":"ADBE Vector Shape - Group","hd":false},{"ty":"fl","c":{"a":0,"k":[0.851,0.8784,0.902,1],"ix":4},"o":{"a":0,"k":100,"ix":5},"r":1,"bm":0,"nm":"Fill 1","mn":"ADBE Vector Graphic - Fill","hd":false},{"ty":"tr","p":{"a":0,"k":[89.723,89.724],"ix":2},"a":{"a":0,"k":[0,0],"ix":1},"s":{"a":0,"k":[100,100],"ix":3},"r":{"a":0,"k":0,"ix":6},"o":{"a":0,"k":100,"ix":7},"sk":{"a":0,"k":0,"ix":4},"sa":{"a":0,"k":0,"ix":5},"nm":"Transform"}],"nm":"Group 1","np":2,"cix":2,"bm":0,"ix":1,"mn":"ADBE Vector Group","hd":false}],"ip":0,"op":86,"st":0,"bm":0}]}],"layers":[{"ddd":0,"ind":0,"ty":0,"nm":"LFPre-comp 2","refId":"comp_0","sr":1,"ks":{"o":{"a":0,"k":100,"ix":11},"r":{"a":0,"k":0,"ix":10},"p":{"a":0,"k":[180,180,0],"ix":2},"a":{"a":0,"k":[180,180,0],"ix":1},"s":{"a":0,"k":[100,100,100],"ix":6}},"ao":0,"w":360,"h":360,"ip":0,"op":75,"st":0,"bm":0,"completed":true,"layers":[{"ddd":0,"ind":1,"ty":3,"nm":"NULL CONTROL","sr":1,"ks":{"o":{"a":0,"k":0,"ix":11},"r":{"a":1,"k":[{"i":{"x":[0.47],"y":[1]},"o":{"x":[0.53],"y":[0]},"t":0,"s":[0]},{"t":49,"s":[360]}],"ix":10},"p":{"a":0,"k":[180.107,179.927,0],"ix":2},"a":{"a":0,"k":[60,60,0],"ix":1},"s":{"a":0,"k":[107,107,100],"ix":6}},"ao":0,"ip":0,"op":125,"st":0,"bm":0,"completed":true},{"ddd":0,"ind":2,"ty":4,"nm":"Layer 41 Outlines - Group 2","parent":1,"sr":1,"ks":{"o":{"a":0,"k":100,"ix":11},"r":{"a":0,"k":0,"ix":10},"p":{"a":0,"k":[107.11,116.158,0],"ix":2},"a":{"a":0,"k":[69.531,80.983,0],"ix":1},"s":{"a":0,"k":[216,216,100],"ix":6}},"ao":0,"shapes":[{"ty":"gr","it":[{"ind":0,"ty":"sh","ix":1,"ks":{"a":0,"k":{"i":[[24.477,-28.66],[20.254,-27.406],[4.281000000000002,13.054],[-13.104,12.5],[-12.040999999999999,9.716],[-15.889,7.591],[-24.632,16.336],[-25.695,19.12],[-16.95,27.863],[-15.722999999999999,28.66],[-13.633,28.394],[-12.040999999999999,25.078],[-15.965,21.155],[25.694,-1.7059999999999995],[25.694,-25.975]],"o":[[21.472,-28.66],[20.254,-4.588000000000001],[-16.319,15.717],[-12.040999999999999,11.439],[-14.165999999999999,7.591],[-16.95,8.654],[-25.695,17.397],[-24.632,20.181],[-16.419999999999998,28.394],[-14.33,28.66],[-12.040999999999999,26.801],[-13.104,24.017],[7.472999999999999,18.301000000000002],[25.694,-25.904],[25.694,-27.477]],"v":[[22.974,-28.66],[20.254,-25.904],[-16.319,15.717],[-13.104,12.5],[-13.104,8.654],[-16.95,8.654],[-24.632,16.336],[-24.632,20.181],[-16.95,27.863],[-15.026,28.66],[-13.104,27.863],[-13.104,24.017],[-15.965,21.155],[25.694,-25.904],[25.694,-25.975]],"c":true},"ix":2},"nm":"Path 1","mn":"ADBE Vector Shape - Group","hd":false,"_render":true},{"ty":"fl","c":{"a":0,"k":[0.851,0.8784,0.902,1],"ix":4},"o":{"a":0,"k":100,"ix":5},"r":1,"bm":0,"nm":"Fill 1","mn":"ADBE Vector Graphic - Fill","hd":false,"_render":true},{"ty":"tr","p":{"a":0,"k":[69.398,80.983],"ix":2},"a":{"a":0,"k":[0,0],"ix":1},"s":{"a":0,"k":[100,100],"ix":3},"r":{"a":0,"k":0,"ix":6},"o":{"a":0,"k":100,"ix":7},"sk":{"a":0,"k":0,"ix":4},"sa":{"a":0,"k":0,"ix":5},"nm":"Transform","_render":true}],"nm":"Group 2","np":2,"cix":2,"bm":0,"ix":1,"mn":"ADBE Vector Group","hd":false,"_render":true}],"ip":0,"op":125,"st":0,"bm":0,"completed":true},{"ddd":0,"ind":3,"ty":4,"nm":"Layer 41 Outlines - Group 4","parent":1,"sr":1,"ks":{"o":{"a":0,"k":100,"ix":11},"r":{"a":0,"k":0,"ix":10},"p":{"a":0,"k":[84.994,-33.292,0],"ix":2},"a":{"a":0,"k":[59.292,11.793,0],"ix":1},"s":{"a":0,"k":[216,216,100],"ix":6}},"ao":0,"shapes":[{"ty":"gr","it":[{"ind":0,"ty":"sh","ix":1,"ks":{"a":0,"k":{"i":[[-2.226,2.36],[-0.592,2.803],[-0.14400000000000002,2.887],[2.401,2.067],[2.201,-2.101],[0.65,-2.495],[-2.294,-2.032]],"o":[[-0.776,2.755],[-0.366,2.86],[1.294,2.887],[3.083,-0.621],[0.746,-2.47],[-0.799,-2.888],[-3.082,0.8670000000000001]],"v":[[-0.776,2.755],[-0.592,2.803],[0.077,2.887],[2.714,0.835],[0.746,-2.47],[0.65,-2.495],[-2.689,-0.582]],"c":true},"ix":2},"nm":"Path 1","mn":"ADBE Vector Shape - Group","hd":false,"_render":true},{"ty":"fl","c":{"a":0,"k":[0.851,0.8784,0.902,1],"ix":4},"o":{"a":0,"k":100,"ix":5},"r":1,"bm":0,"nm":"Fill 1","mn":"ADBE Vector Graphic - Fill","hd":false,"_render":true},{"ty":"tr","p":{"a":0,"k":[59.242,11.743],"ix":2},"a":{"a":0,"k":[0,0],"ix":1},"s":{"a":1,"k":[{"i":{"x":[0.315,0.315],"y":[1,1]},"o":{"x":[0.27,0.27],"y":[0,0]},"t":11,"s":[0,0]},{"i":{"x":[0.729,0.729],"y":[1,1]},"o":{"x":[0.68,0.68],"y":[0,0]},"t":26,"s":[100,100]},{"t":42,"s":[0,0]}],"ix":3},"r":{"a":0,"k":0,"ix":6},"o":{"a":0,"k":100,"ix":7},"sk":{"a":0,"k":0,"ix":4},"sa":{"a":0,"k":0,"ix":5},"nm":"Transform","_render":true}],"nm":"Group 4","np":2,"cix":2,"bm":0,"ix":1,"mn":"ADBE Vector Group","hd":false,"_render":true}],"ip":0,"op":125,"st":0,"bm":0,"completed":true},{"ddd":0,"ind":4,"ty":4,"nm":"Layer 41 Outlines - Group 3","parent":1,"sr":1,"ks":{"o":{"a":0,"k":100,"ix":11},"r":{"a":0,"k":0,"ix":10},"p":{"a":0,"k":[108.341,-23.731,0],"ix":2},"a":{"a":0,"k":[70.101,16.22,0],"ix":1},"s":{"a":0,"k":[216,216,100],"ix":6}},"ao":0,"shapes":[{"ty":"gr","it":[{"ind":0,"ty":"sh","ix":1,"ks":{"a":0,"k":{"i":[[-2.643,1.8279999999999998],[-0.43200000000000005,2.948],[1.877,2.468],[2.7110000000000003,-1.3559999999999999],[1.263,-2.206],[-1.654,-2.4699999999999998]],"o":[[-0.9059999999999999,2.828],[0.9700000000000001,2.948],[3.145,0.31000000000000005],[1.415,-2.117],[-0.04100000000000015,-2.948],[-3.1449999999999996,0.139]],"v":[[-1.339,2.573],[0.036,2.948],[2.383,1.604],[1.415,-2.117],[1.263,-2.206],[-2.401,-1.165]],"c":true},"ix":2},"nm":"Path 1","mn":"ADBE Vector Shape - Group","hd":false,"_render":true},{"ty":"fl","c":{"a":0,"k":[0.851,0.8784,0.902,1],"ix":4},"o":{"a":0,"k":100,"ix":5},"r":1,"bm":0,"nm":"Fill 1","mn":"ADBE Vector Graphic - Fill","hd":false,"_render":true},{"ty":"tr","p":{"a":0,"k":[70.051,16.17],"ix":2},"a":{"a":0,"k":[0,0],"ix":1},"s":{"a":1,"k":[{"i":{"x":[0.315,0.315],"y":[1,1]},"o":{"x":[0.27,0.27],"y":[0,0]},"t":9,"s":[0,0]},{"i":{"x":[0.729,0.729],"y":[1,1]},"o":{"x":[0.68,0.68],"y":[0,0]},"t":24,"s":[100,100]},{"t":40,"s":[0,0]}],"ix":3},"r":{"a":0,"k":0,"ix":6},"o":{"a":0,"k":100,"ix":7},"sk":{"a":0,"k":0,"ix":4},"sa":{"a":0,"k":0,"ix":5},"nm":"Transform","_render":true}],"nm":"Group 3","np":2,"cix":2,"bm":0,"ix":1,"mn":"ADBE Vector Group","hd":false,"_render":true}],"ip":0,"op":125,"st":0,"bm":0,"completed":true},{"ddd":0,"ind":5,"ty":4,"nm":"Layer 41 Outlines - Group 6","parent":1,"sr":1,"ks":{"o":{"a":0,"k":100,"ix":11},"r":{"a":0,"k":0,"ix":10},"p":{"a":0,"k":[128.271,-8.252,0],"ix":2},"a":{"a":0,"k":[79.328,23.386,0],"ix":1},"s":{"a":0,"k":[216,216,100],"ix":6}},"ao":0,"shapes":[{"ty":"gr","it":[{"ind":0,"ty":"sh","ix":1,"ks":{"a":0,"k":{"i":[[-1.872,2.108],[-0.6459999999999999,2.904],[1.444,2.6390000000000002],[3.037,-0.677],[1.873,-1.841],[-0.913,-2.904],[-3.037,0.944]],"o":[[-1.3410000000000002,2.6390000000000002],[0.746,2.904],[3.037,1.046],[1.973,-1.739],[0.812,-2.904],[-3.037,-0.7789999999999999],[-1.975,2.005]],"v":[[-1.872,2.108],[0.051,2.904],[1.973,2.108],[1.973,-1.739],[1.873,-1.841],[-1.975,-1.841],[-1.975,2.005]],"c":true},"ix":2},"nm":"Path 1","mn":"ADBE Vector Shape - Group","hd":false,"_render":true},{"ty":"fl","c":{"a":0,"k":[0.851,0.8784,0.902,1],"ix":4},"o":{"a":0,"k":100,"ix":5},"r":1,"bm":0,"nm":"Fill 1","mn":"ADBE Vector Graphic - Fill","hd":false,"_render":true},{"ty":"tr","p":{"a":0,"k":[79.278,23.336],"ix":2},"a":{"a":0,"k":[0,0],"ix":1},"s":{"a":1,"k":[{"i":{"x":[0.315,0.315],"y":[1,1]},"o":{"x":[0.27,0.27],"y":[0,0]},"t":7,"s":[0,0]},{"i":{"x":[0.729,0.729],"y":[1,1]},"o":{"x":[0.68,0.68],"y":[0,0]},"t":22,"s":[100,100]},{"t":38,"s":[0,0]}],"ix":3},"r":{"a":0,"k":0,"ix":6},"o":{"a":0,"k":100,"ix":7},"sk":{"a":0,"k":0,"ix":4},"sa":{"a":0,"k":0,"ix":5},"nm":"Transform","_render":true}],"nm":"Group 6","np":2,"cix":2,"bm":0,"ix":1,"mn":"ADBE Vector Group","hd":false,"_render":true}],"ip":0,"op":125,"st":0,"bm":0,"completed":true},{"ddd":0,"ind":6,"ty":4,"nm":"Layer 41 Outlines - Group 7","parent":1,"sr":1,"ks":{"o":{"a":0,"k":100,"ix":11},"r":{"a":0,"k":0,"ix":10},"p":{"a":0,"k":[143.624,11.598,0],"ix":2},"a":{"a":0,"k":[86.435,32.576,0],"ix":1},"s":{"a":0,"k":[216,216,100],"ix":6}},"ao":0,"shapes":[{"ty":"gr","it":[{"ind":0,"ty":"sh","ix":1,"ks":{"a":0,"k":{"i":[[-2.299,1.649],[-0.888,2.977],[0.9930000000000001,2.853],[3.142,0.15200000000000014],[2.326,-1.217],[-0.08099999999999996,-2.976],[-3.143,0.17700000000000005]],"o":[[-1.791,2.503],[0.513,2.977],[2.721,1.822],[2.371,-1.138],[1.58,-2.5220000000000002],[-2.69,-1.484],[-2.399,1.482]],"v":[[-2.299,1.649],[0.038,2.977],[1.429,2.591],[2.371,-1.138],[2.326,-1.217],[-1.384,-2.23],[-2.399,1.482]],"c":true},"ix":2},"nm":"Path 1","mn":"ADBE Vector Shape - Group","hd":false,"_render":true},{"ty":"fl","c":{"a":0,"k":[0.851,0.8784,0.902,1],"ix":4},"o":{"a":0,"k":100,"ix":5},"r":1,"bm":0,"nm":"Fill 1","mn":"ADBE Vector Graphic - Fill","hd":false,"_render":true},{"ty":"tr","p":{"a":0,"k":[86.385,32.526],"ix":2},"a":{"a":0,"k":[0,0],"ix":1},"s":{"a":1,"k":[{"i":{"x":[0.315,0.315],"y":[1,1]},"o":{"x":[0.27,0.27],"y":[0,0]},"t":5,"s":[0,0]},{"i":{"x":[0.729,0.729],"y":[1,1]},"o":{"x":[0.68,0.68],"y":[0,0]},"t":20,"s":[100,100]},{"t":36,"s":[0,0]}],"ix":3},"r":{"a":0,"k":0,"ix":6},"o":{"a":0,"k":100,"ix":7},"sk":{"a":0,"k":0,"ix":4},"sa":{"a":0,"k":0,"ix":5},"nm":"Transform","_render":true}],"nm":"Group 7","np":2,"cix":2,"bm":0,"ix":1,"mn":"ADBE Vector Group","hd":false,"_render":true}],"ip":0,"op":125,"st":0,"bm":0,"completed":true},{"ddd":0,"ind":7,"ty":4,"nm":"Layer 41 Outlines - Group 5","parent":1,"sr":1,"ks":{"o":{"a":0,"k":100,"ix":11},"r":{"a":0,"k":0,"ix":10},"p":{"a":0,"k":[153.278,34.96,0],"ix":2},"a":{"a":0,"k":[90.905,43.392,0],"ix":1},"s":{"a":0,"k":[216,216,100],"ix":6}},"ao":0,"shapes":[{"ty":"gr","it":[{"ind":0,"ty":"sh","ix":1,"ks":{"a":0,"k":{"i":[[-3.0380000000000003,-0.66],[-2.607,0.931],[-1.181,2.938],[0.492,2.908],[3.038,0.955],[2.605,-0.634],[0.718,-2.938]],"o":[[-2.645,0.791],[-2.278,2.1420000000000003],[0.252,2.938],[2.18,2.449],[2.643,-0.495],[2.2119999999999997,-2.083],[-2.181,-2.154]],"v":[[-2.645,0.791],[-2.607,0.931],[0.017,2.938],[0.731,2.843],[2.643,-0.495],[2.605,-0.634],[-0.732,-2.547]],"c":true},"ix":2},"nm":"Path 1","mn":"ADBE Vector Shape - Group","hd":false,"_render":true},{"ty":"fl","c":{"a":0,"k":[0.851,0.8784,0.902,1],"ix":4},"o":{"a":0,"k":100,"ix":5},"r":1,"bm":0,"nm":"Fill 1","mn":"ADBE Vector Graphic - Fill","hd":false,"_render":true},{"ty":"tr","p":{"a":0,"k":[90.855,43.342],"ix":2},"a":{"a":0,"k":[0,0],"ix":1},"s":{"a":1,"k":[{"i":{"x":[0.315,0.315],"y":[1,1]},"o":{"x":[0.27,0.27],"y":[0,0]},"t":3,"s":[0,0]},{"i":{"x":[0.729,0.729],"y":[1,1]},"o":{"x":[0.68,0.68],"y":[0,0]},"t":18,"s":[100,100]},{"t":34,"s":[0,0]}],"ix":3},"r":{"a":0,"k":0,"ix":6},"o":{"a":0,"k":100,"ix":7},"sk":{"a":0,"k":0,"ix":4},"sa":{"a":0,"k":0,"ix":5},"nm":"Transform","_render":true}],"nm":"Group 5","np":2,"cix":2,"bm":0,"ix":1,"mn":"ADBE Vector Group","hd":false,"_render":true}],"ip":0,"op":125,"st":0,"bm":0,"completed":true},{"ddd":0,"ind":8,"ty":4,"nm":"Layer 41 Outlines - Group 8","parent":1,"sr":1,"ks":{"o":{"a":0,"k":100,"ix":11},"r":{"a":0,"k":0,"ix":10},"p":{"a":0,"k":[12.675,4.254,0],"ix":2},"a":{"a":0,"k":[25.811,29.176,0],"ix":1},"s":{"a":0,"k":[216,216,100],"ix":6}},"ao":0,"shapes":[{"ty":"gr","it":[{"ind":0,"ty":"sh","ix":1,"ks":{"a":0,"k":{"i":[[-20.254,27.539],[-4.282,-12.922],[13.103,-12.367],[12.041,-9.583],[14.331,-7.724],[16.418,-7.989000000000001],[24.631,-16.202],[25.694,-18.987],[16.95,-27.73],[14.164,-28.793],[12.041,-24.945],[15.964,-21.023],[-25.694,1.8399999999999999],[-25.694,26.109],[-24.476,28.793]],"o":[[-20.254,4.722000000000001],[16.32,-15.584],[12.041,-11.306000000000001],[13.635,-7.989000000000001],[15.722,-7.724],[16.95,-8.521],[25.694,-17.264000000000003],[24.631,-20.049],[15.889,-28.793],[12.041,-26.668],[13.103,-23.883],[-7.473999999999998,-18.168],[-25.694,26.036],[-25.694,27.610000000000003],[-21.472,28.793]],"v":[[-20.254,26.036],[16.32,-15.584],[13.103,-12.367],[13.103,-8.521],[15.026,-7.724],[16.95,-8.521],[24.631,-16.202],[24.631,-20.049],[16.95,-27.73],[13.103,-27.73],[13.103,-23.883],[15.964,-21.023],[-25.694,26.036],[-25.694,26.109],[-22.974,28.793]],"c":true},"ix":2},"nm":"Path 1","mn":"ADBE Vector Shape - Group","hd":false,"_render":true},{"ty":"fl","c":{"a":0,"k":[0.1255,0.1529,0.1725,1],"ix":4},"o":{"a":0,"k":100,"ix":5},"r":1,"bm":0,"nm":"Fill 1","mn":"ADBE Vector Graphic - Fill","hd":false,"_render":true},{"ty":"tr","p":{"a":0,"k":[25.944,29.043],"ix":2},"a":{"a":0,"k":[0,0],"ix":1},"s":{"a":0,"k":[100,100],"ix":3},"r":{"a":0,"k":0,"ix":6},"o":{"a":0,"k":100,"ix":7},"sk":{"a":0,"k":0,"ix":4},"sa":{"a":0,"k":0,"ix":5},"nm":"Transform","_render":true}],"nm":"Group 8","np":2,"cix":2,"bm":0,"ix":1,"mn":"ADBE Vector Group","hd":false,"_render":true}],"ip":0,"op":125,"st":0,"bm":0,"completed":true},{"ddd":0,"ind":9,"ty":4,"nm":"Layer 41 Outlines - Group 11","parent":1,"sr":1,"ks":{"o":{"a":0,"k":100,"ix":11},"r":{"a":0,"k":0,"ix":10},"p":{"a":0,"k":[-33.278,85.03,0],"ix":2},"a":{"a":0,"k":[4.536,66.572,0],"ix":1},"s":{"a":0,"k":[216,216,100],"ix":6}},"ao":0,"shapes":[{"ty":"gr","it":[{"ind":0,"ty":"sh","ix":1,"ks":{"a":0,"k":{"i":[[3.039,0.955],[2.605,-0.635],[0.7200000000000001,-2.938],[-3.039,-0.6599999999999999],[-2.606,0.93],[-1.181,2.938],[0.493,2.906]],"o":[[2.644,-0.495],[2.2119999999999997,-2.085],[-2.181,-2.154],[-2.645,0.79],[-2.2769999999999997,2.141],[0.252,2.938],[2.181,2.449]],"v":[[2.644,-0.495],[2.605,-0.635],[-0.731,-2.548],[-2.645,0.79],[-2.606,0.93],[0.017,2.938],[0.73,2.843]],"c":true},"ix":2},"nm":"Path 1","mn":"ADBE Vector Shape - Group","hd":false,"_render":true},{"ty":"fl","c":{"a":0,"k":[0.1255,0.1529,0.1725,1],"ix":4},"o":{"a":0,"k":100,"ix":5},"r":1,"bm":0,"nm":"Fill 1","mn":"ADBE Vector Graphic - Fill","hd":false,"_render":true},{"ty":"tr","p":{"a":0,"k":[4.486,66.522],"ix":2},"a":{"a":0,"k":[0,0],"ix":1},"s":{"a":1,"k":[{"i":{"x":[0.315,0.315],"y":[1,1]},"o":{"x":[0.27,0.27],"y":[0,0]},"t":3,"s":[0,0]},{"i":{"x":[0.73,0.73],"y":[1,1]},"o":{"x":[0.68,0.68],"y":[0,0]},"t":18,"s":[100,100]},{"t":34,"s":[0,0]}],"ix":3},"r":{"a":0,"k":0,"ix":6},"o":{"a":0,"k":100,"ix":7},"sk":{"a":0,"k":0,"ix":4},"sa":{"a":0,"k":0,"ix":5},"nm":"Transform","_render":true}],"nm":"Group 11","np":2,"cix":2,"bm":0,"ix":1,"mn":"ADBE Vector Group","hd":false,"_render":true}],"ip":0,"op":125,"st":0,"bm":0,"completed":true},{"ddd":0,"ind":10,"ty":4,"nm":"Layer 41 Outlines - Group 12","parent":1,"sr":1,"ks":{"o":{"a":0,"k":100,"ix":11},"r":{"a":0,"k":0,"ix":10},"p":{"a":0,"k":[-23.622,108.196,0],"ix":2},"a":{"a":0,"k":[9.007,77.297,0],"ix":1},"s":{"a":0,"k":[216,216,100],"ix":6}},"ao":0,"shapes":[{"ty":"gr","it":[{"ind":0,"ty":"sh","ix":1,"ks":{"a":0,"k":{"i":[[2.299,-1.263],[-0.1399999999999999,-2.975],[-3.143,0.23399999999999999],[-2.326,1.606],[-0.9069999999999999,2.975],[0.9590000000000001,2.86],[3.144,0.20999999999999996]],"o":[[1.529,-2.554],[-2.722,-1.4340000000000002],[-2.372,1.523],[-1.824,2.484],[0.495,2.975],[2.689,1.8719999999999999],[2.398,-1.094]],"v":[[2.299,-1.263],[-1.432,-2.204],[-2.372,1.523],[-2.326,1.606],[0.036,2.975],[1.385,2.617],[2.398,-1.094]],"c":true},"ix":2},"nm":"Path 1","mn":"ADBE Vector Shape - Group","hd":false,"_render":true},{"ty":"fl","c":{"a":0,"k":[0.1255,0.1529,0.1725,1],"ix":4},"o":{"a":0,"k":100,"ix":5},"r":1,"bm":0,"nm":"Fill 1","mn":"ADBE Vector Graphic - Fill","hd":false,"_render":true},{"ty":"tr","p":{"a":0,"k":[8.957,77.247],"ix":2},"a":{"a":0,"k":[0,0],"ix":1},"s":{"a":1,"k":[{"i":{"x":[0.315,0.315],"y":[1,1]},"o":{"x":[0.27,0.27],"y":[0,0]},"t":5,"s":[0,0]},{"i":{"x":[0.73,0.73],"y":[1,1]},"o":{"x":[0.68,0.68],"y":[0,0]},"t":20,"s":[100,100]},{"t":36,"s":[0,0]}],"ix":3},"r":{"a":0,"k":0,"ix":6},"o":{"a":0,"k":100,"ix":7},"sk":{"a":0,"k":0,"ix":4},"sa":{"a":0,"k":0,"ix":5},"nm":"Transform","_render":true}],"nm":"Group 12","np":2,"cix":2,"bm":0,"ix":1,"mn":"ADBE Vector Group","hd":false,"_render":true}],"ip":0,"op":125,"st":0,"bm":0,"completed":true},{"ddd":0,"ind":11,"ty":4,"nm":"Layer 41 Outlines - Group 13","parent":1,"sr":1,"ks":{"o":{"a":0,"k":100,"ix":11},"r":{"a":0,"k":0,"ix":10},"p":{"a":0,"k":[-8.27,128.304,0],"ix":2},"a":{"a":0,"k":[16.114,86.606,0],"ix":1},"s":{"a":0,"k":[216,216,100],"ix":6}},"ao":0,"shapes":[{"ty":"gr","it":[{"ind":0,"ty":"sh","ix":1,"ks":{"a":0,"k":{"i":[[1.872,-1.841],[-0.913,-2.904],[-3.037,0.9430000000000001],[-1.872,2.108],[-0.6449999999999999,2.904],[1.444,2.638],[3.037,-0.677]],"o":[[0.81,-2.904],[-3.037,-0.7789999999999999],[-1.974,2.004],[-1.3410000000000002,2.638],[0.747,2.904],[3.037,1.0450000000000002],[1.976,-1.74]],"v":[[1.872,-1.841],[-1.974,-1.841],[-1.974,2.004],[-1.872,2.108],[0.051,2.904],[1.976,2.108],[1.976,-1.74]],"c":true},"ix":2},"nm":"Path 1","mn":"ADBE Vector Shape - Group","hd":false,"_render":true},{"ty":"fl","c":{"a":0,"k":[0.1255,0.1529,0.1725,1],"ix":4},"o":{"a":0,"k":100,"ix":5},"r":1,"bm":0,"nm":"Fill 1","mn":"ADBE Vector Graphic - Fill","hd":false,"_render":true},{"ty":"tr","p":{"a":0,"k":[16.064,86.556],"ix":2},"a":{"a":0,"k":[0,0],"ix":1},"s":{"a":1,"k":[{"i":{"x":[0.315,0.315],"y":[1,1]},"o":{"x":[0.27,0.27],"y":[0,0]},"t":7,"s":[0,0]},{"i":{"x":[0.73,0.73],"y":[1,1]},"o":{"x":[0.68,0.68],"y":[0,0]},"t":22,"s":[100,100]},{"t":38,"s":[0,0]}],"ix":3},"r":{"a":0,"k":0,"ix":6},"o":{"a":0,"k":100,"ix":7},"sk":{"a":0,"k":0,"ix":4},"sa":{"a":0,"k":0,"ix":5},"nm":"Transform","_render":true}],"nm":"Group 13","np":2,"cix":2,"bm":0,"ix":1,"mn":"ADBE Vector Group","hd":false,"_render":true}],"ip":0,"op":125,"st":0,"bm":0,"completed":true},{"ddd":0,"ind":12,"ty":4,"nm":"Layer 41 Outlines - Group 10","parent":1,"sr":1,"ks":{"o":{"a":0,"k":100,"ix":11},"r":{"a":0,"k":0,"ix":10},"p":{"a":0,"k":[11.662,143.517,0],"ix":2},"a":{"a":0,"k":[25.342,93.649,0],"ix":1},"s":{"a":0,"k":[216,216,100],"ix":6}},"ao":0,"shapes":[{"ty":"gr","it":[{"ind":0,"ty":"sh","ix":1,"ks":{"a":0,"k":{"i":[[2.644,-1.439],[-1.6239999999999997,-2.512],[-2.7119999999999997,1.746],[-1.263,2.595],[-0.395,2.947],[1.8949999999999998,2.442]],"o":[[0.04600000000000004,-2.948],[-3.146,0.07899999999999996],[-1.417,2.507],[-0.8439999999999999,2.835],[0.9860000000000001,2.947],[3.146,0.252]],"v":[[1.34,-2.185],[-2.385,-1.215],[-1.417,2.507],[-1.263,2.595],[0.049,2.947],[2.401,1.556]],"c":true},"ix":2},"nm":"Path 1","mn":"ADBE Vector Shape - Group","hd":false,"_render":true},{"ty":"fl","c":{"a":0,"k":[0.1255,0.1529,0.1725,1],"ix":4},"o":{"a":0,"k":100,"ix":5},"r":1,"bm":0,"nm":"Fill 1","mn":"ADBE Vector Graphic - Fill","hd":false,"_render":true},{"ty":"tr","p":{"a":0,"k":[25.292,93.599],"ix":2},"a":{"a":0,"k":[0,0],"ix":1},"s":{"a":1,"k":[{"i":{"x":[0.315,0.315],"y":[1,1]},"o":{"x":[0.27,0.27],"y":[0,0]},"t":9,"s":[0,0]},{"i":{"x":[0.73,0.73],"y":[1,1]},"o":{"x":[0.68,0.68],"y":[0,0]},"t":24,"s":[100,100]},{"t":40,"s":[0,0]}],"ix":3},"r":{"a":0,"k":0,"ix":6},"o":{"a":0,"k":100,"ix":7},"sk":{"a":0,"k":0,"ix":4},"sa":{"a":0,"k":0,"ix":5},"nm":"Transform","_render":true}],"nm":"Group 10","np":2,"cix":2,"bm":0,"ix":1,"mn":"ADBE Vector Group","hd":false,"_render":true}],"ip":0,"op":125,"st":0,"bm":0,"completed":true},{"ddd":0,"ind":13,"ty":4,"nm":"Layer 41 Outlines - Group 9","parent":1,"sr":1,"ks":{"o":{"a":0,"k":100,"ix":11},"r":{"a":0,"k":0,"ix":10},"p":{"a":0,"k":[35.008,153.292,0],"ix":2},"a":{"a":0,"k":[36.15,98.175,0],"ix":1},"s":{"a":0,"k":[216,216,100],"ix":6}},"ao":0,"shapes":[{"ty":"gr","it":[{"ind":0,"ty":"sh","ix":1,"ks":{"a":0,"k":{"i":[[2.2270000000000003,-2.072],[0.592,-2.514],[-2.345,-2.0010000000000003],[-2.202,2.389],[-0.65,2.785],[-0.17099999999999999,2.882],[2.361,2.084]],"o":[[0.776,-2.465],[-0.864,-2.8819999999999997],[-3.082,0.911],[-0.746,2.759],[-0.41200000000000003,2.85],[1.2630000000000001,2.882],[3.083,-0.5780000000000001]],"v":[[0.776,-2.465],[0.592,-2.514],[-2.713,-0.546],[-0.746,2.759],[-0.65,2.785],[0.064,2.882],[2.689,0.873]],"c":true},"ix":2},"nm":"Path 1","mn":"ADBE Vector Shape - Group","hd":false,"_render":true},{"ty":"fl","c":{"a":0,"k":[0.1255,0.1529,0.1725,1],"ix":4},"o":{"a":0,"k":100,"ix":5},"r":1,"bm":0,"nm":"Fill 1","mn":"ADBE Vector Graphic - Fill","hd":false,"_render":true},{"ty":"tr","p":{"a":0,"k":[36.1,98.125],"ix":2},"a":{"a":0,"k":[0,0],"ix":1},"s":{"a":1,"k":[{"i":{"x":[0.315,0.315],"y":[1,1]},"o":{"x":[0.27,0.27],"y":[0,0]},"t":11,"s":[0,0]},{"i":{"x":[0.73,0.73],"y":[1,1]},"o":{"x":[0.68,0.68],"y":[0,0]},"t":26,"s":[100,100]},{"t":42,"s":[0,0]}],"ix":3},"r":{"a":0,"k":0,"ix":6},"o":{"a":0,"k":100,"ix":7},"sk":{"a":0,"k":0,"ix":4},"sa":{"a":0,"k":0,"ix":5},"nm":"Transform","_render":true}],"nm":"Group 9","np":2,"cix":2,"bm":0,"ix":1,"mn":"ADBE Vector Group","hd":false,"_render":true}],"ip":0,"op":125,"st":0,"bm":0,"completed":true},{"ddd":0,"ind":14,"ty":4,"nm":"Layer 43 Outlines","sr":1,"ks":{"o":{"a":0,"k":100,"ix":11},"r":{"a":0,"k":0,"ix":10},"p":{"a":0,"k":[179.894,180.132,0],"ix":2},"a":{"a":0,"k":[15.082,27.502,0],"ix":1},"s":{"a":0,"k":[216,216,100],"ix":6}},"ao":0,"shapes":[{"ty":"gr","it":[{"ind":0,"ty":"sh","ix":1,"ks":{"a":0,"k":{"i":[[5.682,13.847999999999999],[3.581,15.824999999999998],[2.798,4.969],[4.31,6.012],[6.148,8.993]],"o":[[4.24,15.431999999999999],[2.798,16.08],[3.648,5.488],[5.691,7.5809999999999995],[6.148,12.483]],"v":[[4.748,14.873],[2.798,16.08],[2.798,4.969],[4.778,6.544],[6.148,10.779]],"c":true},"ix":2},"nm":"Path 1","mn":"ADBE Vector Shape - Group","hd":false,"_render":true},{"ind":1,"ty":"sh","ix":2,"ks":{"a":0,"k":{"i":[[-3.4210000000000003,-6.541],[-5.306,-9.074],[-4.845,-13.605],[-3.085,-15.489],[-2.582,-5.922]],"o":[[-4.783,-7.823],[-5.306,-12.235999999999999],[-3.5429999999999997,-15.154],[-2.582,-15.755],[-3.0309999999999997,-6.234999999999999]],"v":[[-3.736,-6.836],[-5.306,-10.594],[-3.921,-14.704],[-2.582,-15.755],[-2.582,-5.922]],"c":true},"ix":2},"nm":"Path 2","mn":"ADBE Vector Shape - Group","hd":false,"_render":true},{"ind":2,"ty":"sh","ix":3,"ks":{"a":0,"k":{"i":[[13.719,4.046],[6.561999999999999,-1.829],[2.798,-15.75],[3.9610000000000003,-15.068],[5.784000000000001,-12.139],[6.481,-9.269],[14.402,-9.269],[14.463,-9.453],[13.262,-16.907],[5.9239999999999995,-22.465],[2.71,-26.5],[2.375,-27.252],[-1.903,-27.252],[-2.663,-26.905],[-2.582,-22.875],[-7.976,-21.381999999999998],[-13.991,-14.299],[-12.831,-4.055],[-5.973,1.1920000000000002],[-2.582,15.849],[-3.9719999999999995,15.128],[-6.037,11.841999999999999],[-6.721,8.498],[-14.668,8.498],[-14.73,8.685],[-13.373999999999999,17.137999999999998],[-5.515,22.381999999999998],[-2.582,26.5],[-2.246,27.252],[1.975,27.252],[2.717,26.924],[2.798,22.943],[8.789,21.569000000000003],[14.832,14.556000000000001]],"o":[[9.466,-0.1479999999999999],[2.798,-3.198],[3.4130000000000003,-15.455],[5.28,-13.541],[5.971,-9.735999999999999],[7.087,-9.269],[14.402,-9.269],[14.545,-13.6],[8.535,-21.304000000000002],[2.71,-22.881],[2.71,-26.915],[1.96,-27.252],[-2.324,-27.252],[-2.655,-26.485],[-5.493,-22.468],[-12.667,-17.291999999999998],[-13.991,-6.929],[-8.626,-0.33299999999999974],[-2.582,2.576],[-3.3249999999999997,15.543000000000001],[-5.476999999999999,13.5],[-6.2059999999999995,8.978],[-7.335,8.498],[-14.668,8.498],[-14.833,13.529],[-8.107,21.275],[-2.582,22.831],[-2.582,26.915],[-1.832,27.252],[2.384,27.252],[2.725,26.516],[6.074,22.617],[13.530000000000001,17.575],[14.832,7.0009999999999994]],"v":[[11.491,1.848],[2.798,-3.198],[2.798,-15.75],[4.41,-14.549],[5.924,-10.341],[7.087,-9.269],[14.402,-9.269],[14.463,-9.453],[10.613,-19.37],[2.71,-22.881],[2.71,-26.5],[1.96,-27.252],[-1.903,-27.252],[-2.655,-26.485],[-2.582,-22.875],[-10.019,-19.601],[-13.991,-10.625],[-10.511,-2.002],[-2.582,2.576],[-2.582,15.849],[-4.491,14.567],[-6.17,9.591],[-7.335,8.498],[-14.668,8.498],[-14.73,8.685],[-10.356,19.508],[-2.582,22.831],[-2.582,26.5],[-1.832,27.252],[1.975,27.252],[2.725,26.516],[2.798,22.943],[10.923,19.771],[14.832,10.718]],"c":true},"ix":2},"nm":"Path 3","mn":"ADBE Vector Shape - Group","hd":false,"_render":true},{"ty":"mm","mm":1,"nm":"Merge Paths 1","mn":"ADBE Vector Filter - Merge","hd":false,"_render":true},{"ty":"fl","c":{"a":0,"k":[0.851,0.8784,0.902,1],"ix":4},"o":{"a":0,"k":100,"ix":5},"r":1,"bm":0,"nm":"Fill 1","mn":"ADBE Vector Graphic - Fill","hd":false,"_render":true},{"ty":"tr","p":{"a":0,"k":[15.082,27.502],"ix":2},"a":{"a":0,"k":[0,0],"ix":1},"s":{"a":0,"k":[100,100],"ix":3},"r":{"a":0,"k":0,"ix":6},"o":{"a":0,"k":100,"ix":7},"sk":{"a":0,"k":0,"ix":4},"sa":{"a":0,"k":0,"ix":5},"nm":"Transform","_render":true}],"nm":"Group 1","np":5,"cix":2,"bm":0,"ix":1,"mn":"ADBE Vector Group","hd":false,"_render":true}],"ip":0,"op":125,"st":0,"bm":0,"completed":true},{"ddd":0,"ind":15,"ty":4,"nm":"Layer 44 Outlines","sr":1,"ks":{"o":{"a":0,"k":100,"ix":11},"r":{"a":0,"k":0,"ix":10},"p":{"a":0,"k":[179.999,180.133,0],"ix":2},"a":{"a":0,"k":[33.283,33.283,0],"ix":1},"s":{"a":0,"k":[216,216,100],"ix":6}},"ao":0,"shapes":[{"ty":"gr","it":[{"ind":0,"ty":"sh","ix":1,"ks":{"a":0,"k":{"i":[[33.033,18.244],[18.243,-33.033],[-33.033,-18.244],[-18.243,33.033]],"o":[[33.033,-18.244],[-18.243,-33.033],[-33.033,18.244],[18.243,33.033]],"v":[[33.033,0],[0,-33.033],[-33.033,0],[0,33.033]],"c":true},"ix":2},"nm":"Path 1","mn":"ADBE Vector Shape - Group","hd":false,"_render":true},{"ty":"fl","c":{"a":0,"k":[0.1255,0.1529,0.1725,1],"ix":4},"o":{"a":0,"k":100,"ix":5},"r":1,"bm":0,"nm":"Fill 1","mn":"ADBE Vector Graphic - Fill","hd":false,"_render":true},{"ty":"tr","p":{"a":0,"k":[33.283,33.283],"ix":2},"a":{"a":0,"k":[0,0],"ix":1},"s":{"a":0,"k":[100,100],"ix":3},"r":{"a":0,"k":0,"ix":6},"o":{"a":0,"k":100,"ix":7},"sk":{"a":0,"k":0,"ix":4},"sa":{"a":0,"k":0,"ix":5},"nm":"Transform","_render":true}],"nm":"Group 1","np":2,"cix":2,"bm":0,"ix":1,"mn":"ADBE Vector Group","hd":false,"_render":true}],"ip":0,"op":125,"st":0,"bm":0,"completed":true}]},{"ddd":0,"ind":0,"ty":0,"nm":"LFPre-comp 2","refId":"comp_0","sr":1,"ks":{"o":{"a":0,"k":100,"ix":11},"r":{"a":0,"k":0,"ix":10},"p":{"a":0,"k":[180,180,0],"ix":2},"a":{"a":0,"k":[180,180,0],"ix":1},"s":{"a":0,"k":[100,100,100],"ix":6}},"ao":0,"w":360,"h":360,"ip":0,"op":75,"st":0,"bm":0,"completed":true,"layers":[{"ddd":0,"ind":1,"ty":3,"nm":"NULL CONTROL","sr":1,"ks":{"o":{"a":0,"k":0,"ix":11},"r":{"a":1,"k":[{"i":{"x":[0.47],"y":[1]},"o":{"x":[0.53],"y":[0]},"t":0,"s":[0]},{"t":49,"s":[360]}],"ix":10},"p":{"a":0,"k":[180.107,179.927,0],"ix":2},"a":{"a":0,"k":[60,60,0],"ix":1},"s":{"a":0,"k":[107,107,100],"ix":6}},"ao":0,"ip":0,"op":125,"st":0,"bm":0,"completed":true},{"ddd":0,"ind":2,"ty":4,"nm":"Layer 41 Outlines - Group 2","parent":1,"sr":1,"ks":{"o":{"a":0,"k":100,"ix":11},"r":{"a":0,"k":0,"ix":10},"p":{"a":0,"k":[107.11,116.158,0],"ix":2},"a":{"a":0,"k":[69.531,80.983,0],"ix":1},"s":{"a":0,"k":[216,216,100],"ix":6}},"ao":0,"shapes":[{"ty":"gr","it":[{"ind":0,"ty":"sh","ix":1,"ks":{"a":0,"k":{"i":[[24.477,-28.66],[20.254,-27.406],[4.281000000000002,13.054],[-13.104,12.5],[-12.040999999999999,9.716],[-15.889,7.591],[-24.632,16.336],[-25.695,19.12],[-16.95,27.863],[-15.722999999999999,28.66],[-13.633,28.394],[-12.040999999999999,25.078],[-15.965,21.155],[25.694,-1.7059999999999995],[25.694,-25.975]],"o":[[21.472,-28.66],[20.254,-4.588000000000001],[-16.319,15.717],[-12.040999999999999,11.439],[-14.165999999999999,7.591],[-16.95,8.654],[-25.695,17.397],[-24.632,20.181],[-16.419999999999998,28.394],[-14.33,28.66],[-12.040999999999999,26.801],[-13.104,24.017],[7.472999999999999,18.301000000000002],[25.694,-25.904],[25.694,-27.477]],"v":[[22.974,-28.66],[20.254,-25.904],[-16.319,15.717],[-13.104,12.5],[-13.104,8.654],[-16.95,8.654],[-24.632,16.336],[-24.632,20.181],[-16.95,27.863],[-15.026,28.66],[-13.104,27.863],[-13.104,24.017],[-15.965,21.155],[25.694,-25.904],[25.694,-25.975]],"c":true},"ix":2},"nm":"Path 1","mn":"ADBE Vector Shape - Group","hd":false,"_render":true},{"ty":"fl","c":{"a":0,"k":[0.851,0.8784,0.902,1],"ix":4},"o":{"a":0,"k":100,"ix":5},"r":1,"bm":0,"nm":"Fill 1","mn":"ADBE Vector Graphic - Fill","hd":false,"_render":true},{"ty":"tr","p":{"a":0,"k":[69.398,80.983],"ix":2},"a":{"a":0,"k":[0,0],"ix":1},"s":{"a":0,"k":[100,100],"ix":3},"r":{"a":0,"k":0,"ix":6},"o":{"a":0,"k":100,"ix":7},"sk":{"a":0,"k":0,"ix":4},"sa":{"a":0,"k":0,"ix":5},"nm":"Transform","_render":true}],"nm":"Group 2","np":2,"cix":2,"bm":0,"ix":1,"mn":"ADBE Vector Group","hd":false,"_render":true}],"ip":0,"op":125,"st":0,"bm":0,"completed":true},{"ddd":0,"ind":3,"ty":4,"nm":"Layer 41 Outlines - Group 4","parent":1,"sr":1,"ks":{"o":{"a":0,"k":100,"ix":11},"r":{"a":0,"k":0,"ix":10},"p":{"a":0,"k":[84.994,-33.292,0],"ix":2},"a":{"a":0,"k":[59.292,11.793,0],"ix":1},"s":{"a":0,"k":[216,216,100],"ix":6}},"ao":0,"shapes":[{"ty":"gr","it":[{"ind":0,"ty":"sh","ix":1,"ks":{"a":0,"k":{"i":[[-2.226,2.36],[-0.592,2.803],[-0.14400000000000002,2.887],[2.401,2.067],[2.201,-2.101],[0.65,-2.495],[-2.294,-2.032]],"o":[[-0.776,2.755],[-0.366,2.86],[1.294,2.887],[3.083,-0.621],[0.746,-2.47],[-0.799,-2.888],[-3.082,0.8670000000000001]],"v":[[-0.776,2.755],[-0.592,2.803],[0.077,2.887],[2.714,0.835],[0.746,-2.47],[0.65,-2.495],[-2.689,-0.582]],"c":true},"ix":2},"nm":"Path 1","mn":"ADBE Vector Shape - Group","hd":false,"_render":true},{"ty":"fl","c":{"a":0,"k":[0.851,0.8784,0.902,1],"ix":4},"o":{"a":0,"k":100,"ix":5},"r":1,"bm":0,"nm":"Fill 1","mn":"ADBE Vector Graphic - Fill","hd":false,"_render":true},{"ty":"tr","p":{"a":0,"k":[59.242,11.743],"ix":2},"a":{"a":0,"k":[0,0],"ix":1},"s":{"a":1,"k":[{"i":{"x":[0.315,0.315],"y":[1,1]},"o":{"x":[0.27,0.27],"y":[0,0]},"t":11,"s":[0,0]},{"i":{"x":[0.729,0.729],"y":[1,1]},"o":{"x":[0.68,0.68],"y":[0,0]},"t":26,"s":[100,100]},{"t":42,"s":[0,0]}],"ix":3},"r":{"a":0,"k":0,"ix":6},"o":{"a":0,"k":100,"ix":7},"sk":{"a":0,"k":0,"ix":4},"sa":{"a":0,"k":0,"ix":5},"nm":"Transform","_render":true}],"nm":"Group 4","np":2,"cix":2,"bm":0,"ix":1,"mn":"ADBE Vector Group","hd":false,"_render":true}],"ip":0,"op":125,"st":0,"bm":0,"completed":true},{"ddd":0,"ind":4,"ty":4,"nm":"Layer 41 Outlines - Group 3","parent":1,"sr":1,"ks":{"o":{"a":0,"k":100,"ix":11},"r":{"a":0,"k":0,"ix":10},"p":{"a":0,"k":[108.341,-23.731,0],"ix":2},"a":{"a":0,"k":[70.101,16.22,0],"ix":1},"s":{"a":0,"k":[216,216,100],"ix":6}},"ao":0,"shapes":[{"ty":"gr","it":[{"ind":0,"ty":"sh","ix":1,"ks":{"a":0,"k":{"i":[[-2.643,1.8279999999999998],[-0.43200000000000005,2.948],[1.877,2.468],[2.7110000000000003,-1.3559999999999999],[1.263,-2.206],[-1.654,-2.4699999999999998]],"o":[[-0.9059999999999999,2.828],[0.9700000000000001,2.948],[3.145,0.31000000000000005],[1.415,-2.117],[-0.04100000000000015,-2.948],[-3.1449999999999996,0.139]],"v":[[-1.339,2.573],[0.036,2.948],[2.383,1.604],[1.415,-2.117],[1.263,-2.206],[-2.401,-1.165]],"c":true},"ix":2},"nm":"Path 1","mn":"ADBE Vector Shape - Group","hd":false,"_render":true},{"ty":"fl","c":{"a":0,"k":[0.851,0.8784,0.902,1],"ix":4},"o":{"a":0,"k":100,"ix":5},"r":1,"bm":0,"nm":"Fill 1","mn":"ADBE Vector Graphic - Fill","hd":false,"_render":true},{"ty":"tr","p":{"a":0,"k":[70.051,16.17],"ix":2},"a":{"a":0,"k":[0,0],"ix":1},"s":{"a":1,"k":[{"i":{"x":[0.315,0.315],"y":[1,1]},"o":{"x":[0.27,0.27],"y":[0,0]},"t":9,"s":[0,0]},{"i":{"x":[0.729,0.729],"y":[1,1]},"o":{"x":[0.68,0.68],"y":[0,0]},"t":24,"s":[100,100]},{"t":40,"s":[0,0]}],"ix":3},"r":{"a":0,"k":0,"ix":6},"o":{"a":0,"k":100,"ix":7},"sk":{"a":0,"k":0,"ix":4},"sa":{"a":0,"k":0,"ix":5},"nm":"Transform","_render":true}],"nm":"Group 3","np":2,"cix":2,"bm":0,"ix":1,"mn":"ADBE Vector Group","hd":false,"_render":true}],"ip":0,"op":125,"st":0,"bm":0,"completed":true},{"ddd":0,"ind":5,"ty":4,"nm":"Layer 41 Outlines - Group 6","parent":1,"sr":1,"ks":{"o":{"a":0,"k":100,"ix":11},"r":{"a":0,"k":0,"ix":10},"p":{"a":0,"k":[128.271,-8.252,0],"ix":2},"a":{"a":0,"k":[79.328,23.386,0],"ix":1},"s":{"a":0,"k":[216,216,100],"ix":6}},"ao":0,"shapes":[{"ty":"gr","it":[{"ind":0,"ty":"sh","ix":1,"ks":{"a":0,"k":{"i":[[-1.872,2.108],[-0.6459999999999999,2.904],[1.444,2.6390000000000002],[3.037,-0.677],[1.873,-1.841],[-0.913,-2.904],[-3.037,0.944]],"o":[[-1.3410000000000002,2.6390000000000002],[0.746,2.904],[3.037,1.046],[1.973,-1.739],[0.812,-2.904],[-3.037,-0.7789999999999999],[-1.975,2.005]],"v":[[-1.872,2.108],[0.051,2.904],[1.973,2.108],[1.973,-1.739],[1.873,-1.841],[-1.975,-1.841],[-1.975,2.005]],"c":true},"ix":2},"nm":"Path 1","mn":"ADBE Vector Shape - Group","hd":false,"_render":true},{"ty":"fl","c":{"a":0,"k":[0.851,0.8784,0.902,1],"ix":4},"o":{"a":0,"k":100,"ix":5},"r":1,"bm":0,"nm":"Fill 1","mn":"ADBE Vector Graphic - Fill","hd":false,"_render":true},{"ty":"tr","p":{"a":0,"k":[79.278,23.336],"ix":2},"a":{"a":0,"k":[0,0],"ix":1},"s":{"a":1,"k":[{"i":{"x":[0.315,0.315],"y":[1,1]},"o":{"x":[0.27,0.27],"y":[0,0]},"t":7,"s":[0,0]},{"i":{"x":[0.729,0.729],"y":[1,1]},"o":{"x":[0.68,0.68],"y":[0,0]},"t":22,"s":[100,100]},{"t":38,"s":[0,0]}],"ix":3},"r":{"a":0,"k":0,"ix":6},"o":{"a":0,"k":100,"ix":7},"sk":{"a":0,"k":0,"ix":4},"sa":{"a":0,"k":0,"ix":5},"nm":"Transform","_render":true}],"nm":"Group 6","np":2,"cix":2,"bm":0,"ix":1,"mn":"ADBE Vector Group","hd":false,"_render":true}],"ip":0,"op":125,"st":0,"bm":0,"completed":true},{"ddd":0,"ind":6,"ty":4,"nm":"Layer 41 Outlines - Group 7","parent":1,"sr":1,"ks":{"o":{"a":0,"k":100,"ix":11},"r":{"a":0,"k":0,"ix":10},"p":{"a":0,"k":[143.624,11.598,0],"ix":2},"a":{"a":0,"k":[86.435,32.576,0],"ix":1},"s":{"a":0,"k":[216,216,100],"ix":6}},"ao":0,"shapes":[{"ty":"gr","it":[{"ind":0,"ty":"sh","ix":1,"ks":{"a":0,"k":{"i":[[-2.299,1.649],[-0.888,2.977],[0.9930000000000001,2.853],[3.142,0.15200000000000014],[2.326,-1.217],[-0.08099999999999996,-2.976],[-3.143,0.17700000000000005]],"o":[[-1.791,2.503],[0.513,2.977],[2.721,1.822],[2.371,-1.138],[1.58,-2.5220000000000002],[-2.69,-1.484],[-2.399,1.482]],"v":[[-2.299,1.649],[0.038,2.977],[1.429,2.591],[2.371,-1.138],[2.326,-1.217],[-1.384,-2.23],[-2.399,1.482]],"c":true},"ix":2},"nm":"Path 1","mn":"ADBE Vector Shape - Group","hd":false,"_render":true},{"ty":"fl","c":{"a":0,"k":[0.851,0.8784,0.902,1],"ix":4},"o":{"a":0,"k":100,"ix":5},"r":1,"bm":0,"nm":"Fill 1","mn":"ADBE Vector Graphic - Fill","hd":false,"_render":true},{"ty":"tr","p":{"a":0,"k":[86.385,32.526],"ix":2},"a":{"a":0,"k":[0,0],"ix":1},"s":{"a":1,"k":[{"i":{"x":[0.315,0.315],"y":[1,1]},"o":{"x":[0.27,0.27],"y":[0,0]},"t":5,"s":[0,0]},{"i":{"x":[0.729,0.729],"y":[1,1]},"o":{"x":[0.68,0.68],"y":[0,0]},"t":20,"s":[100,100]},{"t":36,"s":[0,0]}],"ix":3},"r":{"a":0,"k":0,"ix":6},"o":{"a":0,"k":100,"ix":7},"sk":{"a":0,"k":0,"ix":4},"sa":{"a":0,"k":0,"ix":5},"nm":"Transform","_render":true}],"nm":"Group 7","np":2,"cix":2,"bm":0,"ix":1,"mn":"ADBE Vector Group","hd":false,"_render":true}],"ip":0,"op":125,"st":0,"bm":0,"completed":true},{"ddd":0,"ind":7,"ty":4,"nm":"Layer 41 Outlines - Group 5","parent":1,"sr":1,"ks":{"o":{"a":0,"k":100,"ix":11},"r":{"a":0,"k":0,"ix":10},"p":{"a":0,"k":[153.278,34.96,0],"ix":2},"a":{"a":0,"k":[90.905,43.392,0],"ix":1},"s":{"a":0,"k":[216,216,100],"ix":6}},"ao":0,"shapes":[{"ty":"gr","it":[{"ind":0,"ty":"sh","ix":1,"ks":{"a":0,"k":{"i":[[-3.0380000000000003,-0.66],[-2.607,0.931],[-1.181,2.938],[0.492,2.908],[3.038,0.955],[2.605,-0.634],[0.718,-2.938]],"o":[[-2.645,0.791],[-2.278,2.1420000000000003],[0.252,2.938],[2.18,2.449],[2.643,-0.495],[2.2119999999999997,-2.083],[-2.181,-2.154]],"v":[[-2.645,0.791],[-2.607,0.931],[0.017,2.938],[0.731,2.843],[2.643,-0.495],[2.605,-0.634],[-0.732,-2.547]],"c":true},"ix":2},"nm":"Path 1","mn":"ADBE Vector Shape - Group","hd":false,"_render":true},{"ty":"fl","c":{"a":0,"k":[0.851,0.8784,0.902,1],"ix":4},"o":{"a":0,"k":100,"ix":5},"r":1,"bm":0,"nm":"Fill 1","mn":"ADBE Vector Graphic - Fill","hd":false,"_render":true},{"ty":"tr","p":{"a":0,"k":[90.855,43.342],"ix":2},"a":{"a":0,"k":[0,0],"ix":1},"s":{"a":1,"k":[{"i":{"x":[0.315,0.315],"y":[1,1]},"o":{"x":[0.27,0.27],"y":[0,0]},"t":3,"s":[0,0]},{"i":{"x":[0.729,0.729],"y":[1,1]},"o":{"x":[0.68,0.68],"y":[0,0]},"t":18,"s":[100,100]},{"t":34,"s":[0,0]}],"ix":3},"r":{"a":0,"k":0,"ix":6},"o":{"a":0,"k":100,"ix":7},"sk":{"a":0,"k":0,"ix":4},"sa":{"a":0,"k":0,"ix":5},"nm":"Transform","_render":true}],"nm":"Group 5","np":2,"cix":2,"bm":0,"ix":1,"mn":"ADBE Vector Group","hd":false,"_render":true}],"ip":0,"op":125,"st":0,"bm":0,"completed":true},{"ddd":0,"ind":8,"ty":4,"nm":"Layer 41 Outlines - Group 8","parent":1,"sr":1,"ks":{"o":{"a":0,"k":100,"ix":11},"r":{"a":0,"k":0,"ix":10},"p":{"a":0,"k":[12.675,4.254,0],"ix":2},"a":{"a":0,"k":[25.811,29.176,0],"ix":1},"s":{"a":0,"k":[216,216,100],"ix":6}},"ao":0,"shapes":[{"ty":"gr","it":[{"ind":0,"ty":"sh","ix":1,"ks":{"a":0,"k":{"i":[[-20.254,27.539],[-4.282,-12.922],[13.103,-12.367],[12.041,-9.583],[14.331,-7.724],[16.418,-7.989000000000001],[24.631,-16.202],[25.694,-18.987],[16.95,-27.73],[14.164,-28.793],[12.041,-24.945],[15.964,-21.023],[-25.694,1.8399999999999999],[-25.694,26.109],[-24.476,28.793]],"o":[[-20.254,4.722000000000001],[16.32,-15.584],[12.041,-11.306000000000001],[13.635,-7.989000000000001],[15.722,-7.724],[16.95,-8.521],[25.694,-17.264000000000003],[24.631,-20.049],[15.889,-28.793],[12.041,-26.668],[13.103,-23.883],[-7.473999999999998,-18.168],[-25.694,26.036],[-25.694,27.610000000000003],[-21.472,28.793]],"v":[[-20.254,26.036],[16.32,-15.584],[13.103,-12.367],[13.103,-8.521],[15.026,-7.724],[16.95,-8.521],[24.631,-16.202],[24.631,-20.049],[16.95,-27.73],[13.103,-27.73],[13.103,-23.883],[15.964,-21.023],[-25.694,26.036],[-25.694,26.109],[-22.974,28.793]],"c":true},"ix":2},"nm":"Path 1","mn":"ADBE Vector Shape - Group","hd":false,"_render":true},{"ty":"fl","c":{"a":0,"k":[0.1255,0.1529,0.1725,1],"ix":4},"o":{"a":0,"k":100,"ix":5},"r":1,"bm":0,"nm":"Fill 1","mn":"ADBE Vector Graphic - Fill","hd":false,"_render":true},{"ty":"tr","p":{"a":0,"k":[25.944,29.043],"ix":2},"a":{"a":0,"k":[0,0],"ix":1},"s":{"a":0,"k":[100,100],"ix":3},"r":{"a":0,"k":0,"ix":6},"o":{"a":0,"k":100,"ix":7},"sk":{"a":0,"k":0,"ix":4},"sa":{"a":0,"k":0,"ix":5},"nm":"Transform","_render":true}],"nm":"Group 8","np":2,"cix":2,"bm":0,"ix":1,"mn":"ADBE Vector Group","hd":false,"_render":true}],"ip":0,"op":125,"st":0,"bm":0,"completed":true},{"ddd":0,"ind":9,"ty":4,"nm":"Layer 41 Outlines - Group 11","parent":1,"sr":1,"ks":{"o":{"a":0,"k":100,"ix":11},"r":{"a":0,"k":0,"ix":10},"p":{"a":0,"k":[-33.278,85.03,0],"ix":2},"a":{"a":0,"k":[4.536,66.572,0],"ix":1},"s":{"a":0,"k":[216,216,100],"ix":6}},"ao":0,"shapes":[{"ty":"gr","it":[{"ind":0,"ty":"sh","ix":1,"ks":{"a":0,"k":{"i":[[3.039,0.955],[2.605,-0.635],[0.7200000000000001,-2.938],[-3.039,-0.6599999999999999],[-2.606,0.93],[-1.181,2.938],[0.493,2.906]],"o":[[2.644,-0.495],[2.2119999999999997,-2.085],[-2.181,-2.154],[-2.645,0.79],[-2.2769999999999997,2.141],[0.252,2.938],[2.181,2.449]],"v":[[2.644,-0.495],[2.605,-0.635],[-0.731,-2.548],[-2.645,0.79],[-2.606,0.93],[0.017,2.938],[0.73,2.843]],"c":true},"ix":2},"nm":"Path 1","mn":"ADBE Vector Shape - Group","hd":false,"_render":true},{"ty":"fl","c":{"a":0,"k":[0.1255,0.1529,0.1725,1],"ix":4},"o":{"a":0,"k":100,"ix":5},"r":1,"bm":0,"nm":"Fill 1","mn":"ADBE Vector Graphic - Fill","hd":false,"_render":true},{"ty":"tr","p":{"a":0,"k":[4.486,66.522],"ix":2},"a":{"a":0,"k":[0,0],"ix":1},"s":{"a":1,"k":[{"i":{"x":[0.315,0.315],"y":[1,1]},"o":{"x":[0.27,0.27],"y":[0,0]},"t":3,"s":[0,0]},{"i":{"x":[0.73,0.73],"y":[1,1]},"o":{"x":[0.68,0.68],"y":[0,0]},"t":18,"s":[100,100]},{"t":34,"s":[0,0]}],"ix":3},"r":{"a":0,"k":0,"ix":6},"o":{"a":0,"k":100,"ix":7},"sk":{"a":0,"k":0,"ix":4},"sa":{"a":0,"k":0,"ix":5},"nm":"Transform","_render":true}],"nm":"Group 11","np":2,"cix":2,"bm":0,"ix":1,"mn":"ADBE Vector Group","hd":false,"_render":true}],"ip":0,"op":125,"st":0,"bm":0,"completed":true},{"ddd":0,"ind":10,"ty":4,"nm":"Layer 41 Outlines - Group 12","parent":1,"sr":1,"ks":{"o":{"a":0,"k":100,"ix":11},"r":{"a":0,"k":0,"ix":10},"p":{"a":0,"k":[-23.622,108.196,0],"ix":2},"a":{"a":0,"k":[9.007,77.297,0],"ix":1},"s":{"a":0,"k":[216,216,100],"ix":6}},"ao":0,"shapes":[{"ty":"gr","it":[{"ind":0,"ty":"sh","ix":1,"ks":{"a":0,"k":{"i":[[2.299,-1.263],[-0.1399999999999999,-2.975],[-3.143,0.23399999999999999],[-2.326,1.606],[-0.9069999999999999,2.975],[0.9590000000000001,2.86],[3.144,0.20999999999999996]],"o":[[1.529,-2.554],[-2.722,-1.4340000000000002],[-2.372,1.523],[-1.824,2.484],[0.495,2.975],[2.689,1.8719999999999999],[2.398,-1.094]],"v":[[2.299,-1.263],[-1.432,-2.204],[-2.372,1.523],[-2.326,1.606],[0.036,2.975],[1.385,2.617],[2.398,-1.094]],"c":true},"ix":2},"nm":"Path 1","mn":"ADBE Vector Shape - Group","hd":false,"_render":true},{"ty":"fl","c":{"a":0,"k":[0.1255,0.1529,0.1725,1],"ix":4},"o":{"a":0,"k":100,"ix":5},"r":1,"bm":0,"nm":"Fill 1","mn":"ADBE Vector Graphic - Fill","hd":false,"_render":true},{"ty":"tr","p":{"a":0,"k":[8.957,77.247],"ix":2},"a":{"a":0,"k":[0,0],"ix":1},"s":{"a":1,"k":[{"i":{"x":[0.315,0.315],"y":[1,1]},"o":{"x":[0.27,0.27],"y":[0,0]},"t":5,"s":[0,0]},{"i":{"x":[0.73,0.73],"y":[1,1]},"o":{"x":[0.68,0.68],"y":[0,0]},"t":20,"s":[100,100]},{"t":36,"s":[0,0]}],"ix":3},"r":{"a":0,"k":0,"ix":6},"o":{"a":0,"k":100,"ix":7},"sk":{"a":0,"k":0,"ix":4},"sa":{"a":0,"k":0,"ix":5},"nm":"Transform","_render":true}],"nm":"Group 12","np":2,"cix":2,"bm":0,"ix":1,"mn":"ADBE Vector Group","hd":false,"_render":true}],"ip":0,"op":125,"st":0,"bm":0,"completed":true},{"ddd":0,"ind":11,"ty":4,"nm":"Layer 41 Outlines - Group 13","parent":1,"sr":1,"ks":{"o":{"a":0,"k":100,"ix":11},"r":{"a":0,"k":0,"ix":10},"p":{"a":0,"k":[-8.27,128.304,0],"ix":2},"a":{"a":0,"k":[16.114,86.606,0],"ix":1},"s":{"a":0,"k":[216,216,100],"ix":6}},"ao":0,"shapes":[{"ty":"gr","it":[{"ind":0,"ty":"sh","ix":1,"ks":{"a":0,"k":{"i":[[1.872,-1.841],[-0.913,-2.904],[-3.037,0.9430000000000001],[-1.872,2.108],[-0.6449999999999999,2.904],[1.444,2.638],[3.037,-0.677]],"o":[[0.81,-2.904],[-3.037,-0.7789999999999999],[-1.974,2.004],[-1.3410000000000002,2.638],[0.747,2.904],[3.037,1.0450000000000002],[1.976,-1.74]],"v":[[1.872,-1.841],[-1.974,-1.841],[-1.974,2.004],[-1.872,2.108],[0.051,2.904],[1.976,2.108],[1.976,-1.74]],"c":true},"ix":2},"nm":"Path 1","mn":"ADBE Vector Shape - Group","hd":false,"_render":true},{"ty":"fl","c":{"a":0,"k":[0.1255,0.1529,0.1725,1],"ix":4},"o":{"a":0,"k":100,"ix":5},"r":1,"bm":0,"nm":"Fill 1","mn":"ADBE Vector Graphic - Fill","hd":false,"_render":true},{"ty":"tr","p":{"a":0,"k":[16.064,86.556],"ix":2},"a":{"a":0,"k":[0,0],"ix":1},"s":{"a":1,"k":[{"i":{"x":[0.315,0.315],"y":[1,1]},"o":{"x":[0.27,0.27],"y":[0,0]},"t":7,"s":[0,0]},{"i":{"x":[0.73,0.73],"y":[1,1]},"o":{"x":[0.68,0.68],"y":[0,0]},"t":22,"s":[100,100]},{"t":38,"s":[0,0]}],"ix":3},"r":{"a":0,"k":0,"ix":6},"o":{"a":0,"k":100,"ix":7},"sk":{"a":0,"k":0,"ix":4},"sa":{"a":0,"k":0,"ix":5},"nm":"Transform","_render":true}],"nm":"Group 13","np":2,"cix":2,"bm":0,"ix":1,"mn":"ADBE Vector Group","hd":false,"_render":true}],"ip":0,"op":125,"st":0,"bm":0,"completed":true},{"ddd":0,"ind":12,"ty":4,"nm":"Layer 41 Outlines - Group 10","parent":1,"sr":1,"ks":{"o":{"a":0,"k":100,"ix":11},"r":{"a":0,"k":0,"ix":10},"p":{"a":0,"k":[11.662,143.517,0],"ix":2},"a":{"a":0,"k":[25.342,93.649,0],"ix":1},"s":{"a":0,"k":[216,216,100],"ix":6}},"ao":0,"shapes":[{"ty":"gr","it":[{"ind":0,"ty":"sh","ix":1,"ks":{"a":0,"k":{"i":[[2.644,-1.439],[-1.6239999999999997,-2.512],[-2.7119999999999997,1.746],[-1.263,2.595],[-0.395,2.947],[1.8949999999999998,2.442]],"o":[[0.04600000000000004,-2.948],[-3.146,0.07899999999999996],[-1.417,2.507],[-0.8439999999999999,2.835],[0.9860000000000001,2.947],[3.146,0.252]],"v":[[1.34,-2.185],[-2.385,-1.215],[-1.417,2.507],[-1.263,2.595],[0.049,2.947],[2.401,1.556]],"c":true},"ix":2},"nm":"Path 1","mn":"ADBE Vector Shape - Group","hd":false,"_render":true},{"ty":"fl","c":{"a":0,"k":[0.1255,0.1529,0.1725,1],"ix":4},"o":{"a":0,"k":100,"ix":5},"r":1,"bm":0,"nm":"Fill 1","mn":"ADBE Vector Graphic - Fill","hd":false,"_render":true},{"ty":"tr","p":{"a":0,"k":[25.292,93.599],"ix":2},"a":{"a":0,"k":[0,0],"ix":1},"s":{"a":1,"k":[{"i":{"x":[0.315,0.315],"y":[1,1]},"o":{"x":[0.27,0.27],"y":[0,0]},"t":9,"s":[0,0]},{"i":{"x":[0.73,0.73],"y":[1,1]},"o":{"x":[0.68,0.68],"y":[0,0]},"t":24,"s":[100,100]},{"t":40,"s":[0,0]}],"ix":3},"r":{"a":0,"k":0,"ix":6},"o":{"a":0,"k":100,"ix":7},"sk":{"a":0,"k":0,"ix":4},"sa":{"a":0,"k":0,"ix":5},"nm":"Transform","_render":true}],"nm":"Group 10","np":2,"cix":2,"bm":0,"ix":1,"mn":"ADBE Vector Group","hd":false,"_render":true}],"ip":0,"op":125,"st":0,"bm":0,"completed":true},{"ddd":0,"ind":13,"ty":4,"nm":"Layer 41 Outlines - Group 9","parent":1,"sr":1,"ks":{"o":{"a":0,"k":100,"ix":11},"r":{"a":0,"k":0,"ix":10},"p":{"a":0,"k":[35.008,153.292,0],"ix":2},"a":{"a":0,"k":[36.15,98.175,0],"ix":1},"s":{"a":0,"k":[216,216,100],"ix":6}},"ao":0,"shapes":[{"ty":"gr","it":[{"ind":0,"ty":"sh","ix":1,"ks":{"a":0,"k":{"i":[[2.2270000000000003,-2.072],[0.592,-2.514],[-2.345,-2.0010000000000003],[-2.202,2.389],[-0.65,2.785],[-0.17099999999999999,2.882],[2.361,2.084]],"o":[[0.776,-2.465],[-0.864,-2.8819999999999997],[-3.082,0.911],[-0.746,2.759],[-0.41200000000000003,2.85],[1.2630000000000001,2.882],[3.083,-0.5780000000000001]],"v":[[0.776,-2.465],[0.592,-2.514],[-2.713,-0.546],[-0.746,2.759],[-0.65,2.785],[0.064,2.882],[2.689,0.873]],"c":true},"ix":2},"nm":"Path 1","mn":"ADBE Vector Shape - Group","hd":false,"_render":true},{"ty":"fl","c":{"a":0,"k":[0.1255,0.1529,0.1725,1],"ix":4},"o":{"a":0,"k":100,"ix":5},"r":1,"bm":0,"nm":"Fill 1","mn":"ADBE Vector Graphic - Fill","hd":false,"_render":true},{"ty":"tr","p":{"a":0,"k":[36.1,98.125],"ix":2},"a":{"a":0,"k":[0,0],"ix":1},"s":{"a":1,"k":[{"i":{"x":[0.315,0.315],"y":[1,1]},"o":{"x":[0.27,0.27],"y":[0,0]},"t":11,"s":[0,0]},{"i":{"x":[0.73,0.73],"y":[1,1]},"o":{"x":[0.68,0.68],"y":[0,0]},"t":26,"s":[100,100]},{"t":42,"s":[0,0]}],"ix":3},"r":{"a":0,"k":0,"ix":6},"o":{"a":0,"k":100,"ix":7},"sk":{"a":0,"k":0,"ix":4},"sa":{"a":0,"k":0,"ix":5},"nm":"Transform","_render":true}],"nm":"Group 9","np":2,"cix":2,"bm":0,"ix":1,"mn":"ADBE Vector Group","hd":false,"_render":true}],"ip":0,"op":125,"st":0,"bm":0,"completed":true},{"ddd":0,"ind":14,"ty":4,"nm":"Layer 43 Outlines","sr":1,"ks":{"o":{"a":0,"k":100,"ix":11},"r":{"a":0,"k":0,"ix":10},"p":{"a":0,"k":[179.894,180.132,0],"ix":2},"a":{"a":0,"k":[15.082,27.502,0],"ix":1},"s":{"a":0,"k":[216,216,100],"ix":6}},"ao":0,"shapes":[{"ty":"gr","it":[{"ind":0,"ty":"sh","ix":1,"ks":{"a":0,"k":{"i":[[5.682,13.847999999999999],[3.581,15.824999999999998],[2.798,4.969],[4.31,6.012],[6.148,8.993]],"o":[[4.24,15.431999999999999],[2.798,16.08],[3.648,5.488],[5.691,7.5809999999999995],[6.148,12.483]],"v":[[4.748,14.873],[2.798,16.08],[2.798,4.969],[4.778,6.544],[6.148,10.779]],"c":true},"ix":2},"nm":"Path 1","mn":"ADBE Vector Shape - Group","hd":false,"_render":true},{"ind":1,"ty":"sh","ix":2,"ks":{"a":0,"k":{"i":[[-3.4210000000000003,-6.541],[-5.306,-9.074],[-4.845,-13.605],[-3.085,-15.489],[-2.582,-5.922]],"o":[[-4.783,-7.823],[-5.306,-12.235999999999999],[-3.5429999999999997,-15.154],[-2.582,-15.755],[-3.0309999999999997,-6.234999999999999]],"v":[[-3.736,-6.836],[-5.306,-10.594],[-3.921,-14.704],[-2.582,-15.755],[-2.582,-5.922]],"c":true},"ix":2},"nm":"Path 2","mn":"ADBE Vector Shape - Group","hd":false,"_render":true},{"ind":2,"ty":"sh","ix":3,"ks":{"a":0,"k":{"i":[[13.719,4.046],[6.561999999999999,-1.829],[2.798,-15.75],[3.9610000000000003,-15.068],[5.784000000000001,-12.139],[6.481,-9.269],[14.402,-9.269],[14.463,-9.453],[13.262,-16.907],[5.9239999999999995,-22.465],[2.71,-26.5],[2.375,-27.252],[-1.903,-27.252],[-2.663,-26.905],[-2.582,-22.875],[-7.976,-21.381999999999998],[-13.991,-14.299],[-12.831,-4.055],[-5.973,1.1920000000000002],[-2.582,15.849],[-3.9719999999999995,15.128],[-6.037,11.841999999999999],[-6.721,8.498],[-14.668,8.498],[-14.73,8.685],[-13.373999999999999,17.137999999999998],[-5.515,22.381999999999998],[-2.582,26.5],[-2.246,27.252],[1.975,27.252],[2.717,26.924],[2.798,22.943],[8.789,21.569000000000003],[14.832,14.556000000000001]],"o":[[9.466,-0.1479999999999999],[2.798,-3.198],[3.4130000000000003,-15.455],[5.28,-13.541],[5.971,-9.735999999999999],[7.087,-9.269],[14.402,-9.269],[14.545,-13.6],[8.535,-21.304000000000002],[2.71,-22.881],[2.71,-26.915],[1.96,-27.252],[-2.324,-27.252],[-2.655,-26.485],[-5.493,-22.468],[-12.667,-17.291999999999998],[-13.991,-6.929],[-8.626,-0.33299999999999974],[-2.582,2.576],[-3.3249999999999997,15.543000000000001],[-5.476999999999999,13.5],[-6.2059999999999995,8.978],[-7.335,8.498],[-14.668,8.498],[-14.833,13.529],[-8.107,21.275],[-2.582,22.831],[-2.582,26.915],[-1.832,27.252],[2.384,27.252],[2.725,26.516],[6.074,22.617],[13.530000000000001,17.575],[14.832,7.0009999999999994]],"v":[[11.491,1.848],[2.798,-3.198],[2.798,-15.75],[4.41,-14.549],[5.924,-10.341],[7.087,-9.269],[14.402,-9.269],[14.463,-9.453],[10.613,-19.37],[2.71,-22.881],[2.71,-26.5],[1.96,-27.252],[-1.903,-27.252],[-2.655,-26.485],[-2.582,-22.875],[-10.019,-19.601],[-13.991,-10.625],[-10.511,-2.002],[-2.582,2.576],[-2.582,15.849],[-4.491,14.567],[-6.17,9.591],[-7.335,8.498],[-14.668,8.498],[-14.73,8.685],[-10.356,19.508],[-2.582,22.831],[-2.582,26.5],[-1.832,27.252],[1.975,27.252],[2.725,26.516],[2.798,22.943],[10.923,19.771],[14.832,10.718]],"c":true},"ix":2},"nm":"Path 3","mn":"ADBE Vector Shape - Group","hd":false,"_render":true},{"ty":"mm","mm":1,"nm":"Merge Paths 1","mn":"ADBE Vector Filter - Merge","hd":false,"_render":true},{"ty":"fl","c":{"a":0,"k":[0.851,0.8784,0.902,1],"ix":4},"o":{"a":0,"k":100,"ix":5},"r":1,"bm":0,"nm":"Fill 1","mn":"ADBE Vector Graphic - Fill","hd":false,"_render":true},{"ty":"tr","p":{"a":0,"k":[15.082,27.502],"ix":2},"a":{"a":0,"k":[0,0],"ix":1},"s":{"a":0,"k":[100,100],"ix":3},"r":{"a":0,"k":0,"ix":6},"o":{"a":0,"k":100,"ix":7},"sk":{"a":0,"k":0,"ix":4},"sa":{"a":0,"k":0,"ix":5},"nm":"Transform","_render":true}],"nm":"Group 1","np":5,"cix":2,"bm":0,"ix":1,"mn":"ADBE Vector Group","hd":false,"_render":true}],"ip":0,"op":125,"st":0,"bm":0,"completed":true},{"ddd":0,"ind":15,"ty":4,"nm":"Layer 44 Outlines","sr":1,"ks":{"o":{"a":0,"k":100,"ix":11},"r":{"a":0,"k":0,"ix":10},"p":{"a":0,"k":[179.999,180.133,0],"ix":2},"a":{"a":0,"k":[33.283,33.283,0],"ix":1},"s":{"a":0,"k":[216,216,100],"ix":6}},"ao":0,"shapes":[{"ty":"gr","it":[{"ind":0,"ty":"sh","ix":1,"ks":{"a":0,"k":{"i":[[33.033,18.244],[18.243,-33.033],[-33.033,-18.244],[-18.243,33.033]],"o":[[33.033,-18.244],[-18.243,-33.033],[-33.033,18.244],[18.243,33.033]],"v":[[33.033,0],[0,-33.033],[-33.033,0],[0,33.033]],"c":true},"ix":2},"nm":"Path 1","mn":"ADBE Vector Shape - Group","hd":false,"_render":true},{"ty":"fl","c":{"a":0,"k":[0.1255,0.1529,0.1725,1],"ix":4},"o":{"a":0,"k":100,"ix":5},"r":1,"bm":0,"nm":"Fill 1","mn":"ADBE Vector Graphic - Fill","hd":false,"_render":true},{"ty":"tr","p":{"a":0,"k":[33.283,33.283],"ix":2},"a":{"a":0,"k":[0,0],"ix":1},"s":{"a":0,"k":[100,100],"ix":3},"r":{"a":0,"k":0,"ix":6},"o":{"a":0,"k":100,"ix":7},"sk":{"a":0,"k":0,"ix":4},"sa":{"a":0,"k":0,"ix":5},"nm":"Transform","_render":true}],"nm":"Group 1","np":2,"cix":2,"bm":0,"ix":1,"mn":"ADBE Vector Group","hd":false,"_render":true}],"ip":0,"op":125,"st":0,"bm":0,"completed":true}]}],"chars":[],"markers":[],"__complete":true}