{"v":"5.6.6","ip":0,"op":160,"fr":60,"w":100,"h":66,"layers":[{"ind":4413,"nm":"surface16125","ao":0,"ip":0,"op":264,"st":0,"ty":4,"ks":{"ty":"tr","o":{"k":100},"r":{"k":0},"p":{"k":[0,0]},"a":{"k":[0,0]},"s":{"k":[133.33,133.33]},"sk":{"k":0},"sa":{"k":0}},"shapes":[{"ty":"gr","hd":false,"nm":"surface16125","it":[{"ty":"gr","hd":false,"it":[{"ty":"sh","ks":{"k":{"i":[[39,20.5],[26,29.17],[39,11.83]],"o":[[39,29.17],[26,11.83],[39,20.5]],"v":[[39,20.5],[26,20.5],[39,20.5]],"c":false}},"_render":true},{"ty":"st","lc":1,"lj":1,"ml":4,"o":{"k":100},"w":{"k":6},"c":{"k":[0.102,0.2824,0.4824,1]},"hd":false,"_render":true},{"ty":"tr","o":{"k":100},"r":{"k":0},"p":{"k":[0,0]},"a":{"k":[0,0]},"s":{"k":[75,75]},"sk":{"k":0},"sa":{"k":0},"hd":false,"_render":true}],"_render":true},{"ty":"gr","hd":false,"it":[{"ty":"gr","hd":false,"it":[{"ty":"sh","ks":{"k":{"i":[[44,49.5],[66.79,21.38],[67.87,20.88],[85,38.5]],"o":[[44,49.5],[67.17,20.919999999999998],[68.29,21.31],[85,38.5]],"v":[[44,49.5],[66.79,21.38],[68.29,21.31],[85,38.5]],"c":false}},"_render":true},{"ty":"st","lc":2,"lj":1,"ml":4,"o":{"k":100},"w":{"k":6},"c":{"k":[0.102,0.2824,0.4824,1]},"hd":false,"_render":true},{"ty":"tr","o":{"k":100},"r":{"k":0},"p":{"k":[0,0]},"a":{"k":[0,0]},"s":{"k":[75,75]},"sk":{"k":0},"sa":{"k":0},"hd":false,"_render":true}],"_render":true},{"ty":"tr","o":{"k":100},"r":{"k":0},"p":{"k":[0,0]},"a":{"k":[0,0]},"s":{"k":[100,100]},"sk":{"k":0},"sa":{"k":0},"hd":false,"_render":true}],"_render":true},{"ty":"gr","hd":false,"it":[{"ty":"gr","hd":false,"it":[{"ty":"sh","ks":{"k":{"i":[[25.5,46.5],[31.79,40.21],[32.82,39.82],[54,61]],"o":[[25.5,46.5],[32.18,39.82],[33.21,40.21],[54,61]],"v":[[25.5,46.5],[31.79,40.21],[33.21,40.21],[54,61]],"c":false}},"_render":true},{"ty":"st","lc":2,"lj":1,"ml":4,"o":{"k":100},"w":{"k":6},"c":{"k":[0.102,0.2824,0.4824,1]},"hd":false,"_render":true},{"ty":"tr","o":{"k":100},"r":{"k":0},"p":{"k":[0,0]},"a":{"k":[0,0]},"s":{"k":[75,75]},"sk":{"k":0},"sa":{"k":0},"hd":false,"_render":true}],"_render":true},{"ty":"tr","o":{"k":100},"r":{"k":0},"p":{"k":[0,0]},"a":{"k":[0,0]},"s":{"k":[100,100]},"sk":{"k":0},"sa":{"k":0},"hd":false,"_render":true}],"_render":true},{"ty":"gr","hd":false,"it":[{"ty":"sh","ks":{"k":{"i":[[25,4],[75,4],[85,9.52],[85,52],[80.52,62],[25,62],[15,56.480000000000004],[15,14],[19.48,4]],"o":[[25,4],[80.52,4],[85,14],[85,57.519999999999996],[75,62],[19.48,62],[15,52],[15,8.48],[25,4]],"v":[[25,4],[75,4],[85,14],[85,52],[75,62],[25,62],[15,52],[15,14],[25,4]],"c":true}},"_render":true},{"ty":"st","lc":1,"lj":1,"ml":4,"o":{"k":100},"w":{"k":6},"c":{"k":[0.102,0.2824,0.4824,1]},"hd":false,"_render":true},{"ty":"tr","o":{"k":100},"r":{"k":0},"p":{"k":[0,0]},"a":{"k":[0,0]},"s":{"k":[75,75]},"sk":{"k":0},"sa":{"k":0},"hd":false,"_render":true}],"_render":true},{"ty":"tr","o":{"k":100},"r":{"k":0},"p":{"k":[0,0]},"a":{"k":[0,0]},"s":{"k":[100,100]},"sk":{"k":0},"sa":{"k":0},"hd":false,"_render":true}],"_render":true},{"ty":"tm","s":{"a":0,"k":0,"ix":1},"e":{"a":1,"k":[{"i":{"x":[0.27],"y":[1]},"o":{"x":[0.5],"y":[0]},"t":0,"s":[0]},{"t":66,"s":[100]}],"ix":2},"o":{"a":0,"k":0,"ix":3},"m":1,"ix":2,"hd":false,"_render":true}],"completed":true,"sr":1}],"meta":{"g":"LF SVG to Lottie"},"assets":[],"__complete":true}